https://www.gothiaforum.com,MinifyHTML,0.0
https://www.gothiaforum.com,EnableGzipCompression,0.0
https://www.gothiaforum.com,numberHosts,6
https://www.gothiaforum.com,numberStaticResources,48
https://www.gothiaforum.com,otherResponseBytes,60282
https://www.gothiaforum.com,AvoidLandingPageRedirects,0.0
https://www.gothiaforum.com,MinimizeRenderBlockingResources,48.0
https://www.gothiaforum.com,OptimizeImages,10.1657
https://www.gothiaforum.com,totalRequestBytes,13076
https://www.gothiaforum.com,javascriptResponseBytes,1407935
https://www.gothiaforum.com,MinifyJavaScript,0.23379999999999998
https://www.gothiaforum.com,SizeTapTargetsAppropriately,5.049309664694279
https://www.gothiaforum.com,numberResources,61
https://www.gothiaforum.com,MinifyCss,0.0
https://www.gothiaforum.com,LeverageBrowserCaching,3.738541666666667
https://www.gothiaforum.com,SizeContentToViewport,3.0
https://www.gothiaforum.com,cssResponseBytes,432271
https://www.gothiaforum.com,numberCssResources,12
https://www.gothiaforum.com,PrioritizeVisibleContent,0.0
https://www.gothiaforum.com,MainResourceServerResponseTime,3.495
https://www.gothiaforum.com,ConfigureViewport,0.0
https://www.gothiaforum.com,SPEED,61
https://www.gothiaforum.com,htmlResponseBytes,128454
https://www.gothiaforum.com,USABILITY,91
https://www.gothiaforum.com,numberJsResources,26
https://www.gothiaforum.com,imageResponseBytes,231948
https://www.gothiaforum.com,UseLegibleFontSizes,0.0
https://www.gothiaforum.com,AvoidPlugins,0.0
https://www.gothiaforum.com/provningsenheter,MinifyHTML,0.0
https://www.gothiaforum.com/provningsenheter,EnableGzipCompression,0.0
https://www.gothiaforum.com/provningsenheter,numberHosts,6
https://www.gothiaforum.com/provningsenheter,numberStaticResources,29
https://www.gothiaforum.com/provningsenheter,otherResponseBytes,60282
https://www.gothiaforum.com/provningsenheter,AvoidLandingPageRedirects,0.0
https://www.gothiaforum.com/provningsenheter,MinimizeRenderBlockingResources,48.0
https://www.gothiaforum.com/provningsenheter,OptimizeImages,0.0733
https://www.gothiaforum.com/provningsenheter,totalRequestBytes,7948
https://www.gothiaforum.com/provningsenheter,javascriptResponseBytes,1246539
https://www.gothiaforum.com/provningsenheter,MinifyJavaScript,0.205
https://www.gothiaforum.com/provningsenheter,SizeTapTargetsAppropriately,3.544921875
https://www.gothiaforum.com/provningsenheter,numberResources,36
https://www.gothiaforum.com/provningsenheter,MinifyCss,0.0
https://www.gothiaforum.com/provningsenheter,LeverageBrowserCaching,3.738541666666667
https://www.gothiaforum.com/provningsenheter,SizeContentToViewport,3.0
https://www.gothiaforum.com/provningsenheter,cssResponseBytes,392381
https://www.gothiaforum.com/provningsenheter,numberCssResources,7
https://www.gothiaforum.com/provningsenheter,PrioritizeVisibleContent,0.0
https://www.gothiaforum.com/provningsenheter,MainResourceServerResponseTime,0.0
https://www.gothiaforum.com/provningsenheter,ConfigureViewport,0.0
https://www.gothiaforum.com/provningsenheter,SPEED,66
https://www.gothiaforum.com/provningsenheter,htmlResponseBytes,100591
https://www.gothiaforum.com/provningsenheter,USABILITY,93
https://www.gothiaforum.com/provningsenheter,numberJsResources,19
https://www.gothiaforum.com/provningsenheter,imageResponseBytes,15127
https://www.gothiaforum.com/provningsenheter,UseLegibleFontSizes,0.0
https://www.gothiaforum.com/provningsenheter,AvoidPlugins,0.0
https://www.gothiaforum.com/ansokan,MinifyHTML,0.0
https://www.gothiaforum.com/ansokan,EnableGzipCompression,0.0
https://www.gothiaforum.com/ansokan,numberHosts,6
https://www.gothiaforum.com/ansokan,numberStaticResources,29
https://www.gothiaforum.com/ansokan,otherResponseBytes,60282
https://www.gothiaforum.com/ansokan,AvoidLandingPageRedirects,0.0
https://www.gothiaforum.com/ansokan,MinimizeRenderBlockingResources,48.0
https://www.gothiaforum.com/ansokan,OptimizeImages,0.0733
https://www.gothiaforum.com/ansokan,totalRequestBytes,7990
https://www.gothiaforum.com/ansokan,javascriptResponseBytes,1246615
https://www.gothiaforum.com/ansokan,MinifyJavaScript,0.205
https://www.gothiaforum.com/ansokan,SizeTapTargetsAppropriately,5.3185595567867034
https://www.gothiaforum.com/ansokan,numberResources,36
https://www.gothiaforum.com/ansokan,MinifyCss,0.0
https://www.gothiaforum.com/ansokan,LeverageBrowserCaching,3.738541666666667
https://www.gothiaforum.com/ansokan,SizeContentToViewport,3.0
https://www.gothiaforum.com/ansokan,cssResponseBytes,392388
https://www.gothiaforum.com/ansokan,numberCssResources,7
https://www.gothiaforum.com/ansokan,PrioritizeVisibleContent,0.0
https://www.gothiaforum.com/ansokan,MainResourceServerResponseTime,0.0
https://www.gothiaforum.com/ansokan,ConfigureViewport,0.0
https://www.gothiaforum.com/ansokan,SPEED,66
https://www.gothiaforum.com/ansokan,htmlResponseBytes,104053
https://www.gothiaforum.com/ansokan,USABILITY,91
https://www.gothiaforum.com/ansokan,numberJsResources,19
https://www.gothiaforum.com/ansokan,imageResponseBytes,15127
https://www.gothiaforum.com/ansokan,UseLegibleFontSizes,0.0
https://www.gothiaforum.com/ansokan,AvoidPlugins,0.0
https://www.gothiaforum.com/broschyr-om-regenerativ-medicin,MinifyHTML,0.0
https://www.gothiaforum.com/broschyr-om-regenerativ-medicin,EnableGzipCompression,0.0
https://www.gothiaforum.com/broschyr-om-regenerativ-medicin,numberHosts,6
https://www.gothiaforum.com/broschyr-om-regenerativ-medicin,numberStaticResources,29
https://www.gothiaforum.com/broschyr-om-regenerativ-medicin,otherResponseBytes,60282
https://www.gothiaforum.com/broschyr-om-regenerativ-medicin,AvoidLandingPageRedirects,0.0
https://www.gothiaforum.com/broschyr-om-regenerativ-medicin,MinimizeRenderBlockingResources,48.0
https://www.gothiaforum.com/broschyr-om-regenerativ-medicin,OptimizeImages,0.0733
https://www.gothiaforum.com/broschyr-om-regenerativ-medicin,totalRequestBytes,8009
https://www.gothiaforum.com/broschyr-om-regenerativ-medicin,javascriptResponseBytes,1246565
https://www.gothiaforum.com/broschyr-om-regenerativ-medicin,MinifyJavaScript,0.205
https://www.gothiaforum.com/broschyr-om-regenerativ-medicin,SizeTapTargetsAppropriately,4.800000000000001
https://www.gothiaforum.com/broschyr-om-regenerativ-medicin,numberResources,36
https://www.gothiaforum.com/broschyr-om-regenerativ-medicin,MinifyCss,0.0
https://www.gothiaforum.com/broschyr-om-regenerativ-medicin,LeverageBrowserCaching,3.738541666666667
https://www.gothiaforum.com/broschyr-om-regenerativ-medicin,SizeContentToViewport,3.0
https://www.gothiaforum.com/broschyr-om-regenerativ-medicin,cssResponseBytes,392342
https://www.gothiaforum.com/broschyr-om-regenerativ-medicin,numberCssResources,7
https://www.gothiaforum.com/broschyr-om-regenerativ-medicin,PrioritizeVisibleContent,0.0
https://www.gothiaforum.com/broschyr-om-regenerativ-medicin,MainResourceServerResponseTime,0.0
https://www.gothiaforum.com/broschyr-om-regenerativ-medicin,ConfigureViewport,0.0
https://www.gothiaforum.com/broschyr-om-regenerativ-medicin,SPEED,66
https://www.gothiaforum.com/broschyr-om-regenerativ-medicin,htmlResponseBytes,99942
https://www.gothiaforum.com/broschyr-om-regenerativ-medicin,USABILITY,91
https://www.gothiaforum.com/broschyr-om-regenerativ-medicin,numberJsResources,19
https://www.gothiaforum.com/broschyr-om-regenerativ-medicin,imageResponseBytes,15127
https://www.gothiaforum.com/broschyr-om-regenerativ-medicin,UseLegibleFontSizes,0.0
https://www.gothiaforum.com/broschyr-om-regenerativ-medicin,AvoidPlugins,0.0
https://www.gothiaforum.com/regenerative_medicine,MinifyHTML,0.0
https://www.gothiaforum.com/regenerative_medicine,EnableGzipCompression,0.0
https://www.gothiaforum.com/regenerative_medicine,numberHosts,6
https://www.gothiaforum.com/regenerative_medicine,numberStaticResources,32
https://www.gothiaforum.com/regenerative_medicine,otherResponseBytes,60282
https://www.gothiaforum.com/regenerative_medicine,AvoidLandingPageRedirects,0.0
https://www.gothiaforum.com/regenerative_medicine,MinimizeRenderBlockingResources,48.0
https://www.gothiaforum.com/regenerative_medicine,OptimizeImages,0.0733
https://www.gothiaforum.com/regenerative_medicine,totalRequestBytes,8411
https://www.gothiaforum.com/regenerative_medicine,javascriptResponseBytes,1272906
https://www.gothiaforum.com/regenerative_medicine,MinifyJavaScript,0.205
https://www.gothiaforum.com/regenerative_medicine,SizeTapTargetsAppropriately,6.028537455410226
https://www.gothiaforum.com/regenerative_medicine,numberResources,40
https://www.gothiaforum.com/regenerative_medicine,MinifyCss,0.0
https://www.gothiaforum.com/regenerative_medicine,LeverageBrowserCaching,3.738541666666667
https://www.gothiaforum.com/regenerative_medicine,SizeContentToViewport,3.0
https://www.gothiaforum.com/regenerative_medicine,cssResponseBytes,400795
https://www.gothiaforum.com/regenerative_medicine,numberCssResources,8
https://www.gothiaforum.com/regenerative_medicine,PrioritizeVisibleContent,0.0
https://www.gothiaforum.com/regenerative_medicine,MainResourceServerResponseTime,0.0
https://www.gothiaforum.com/regenerative_medicine,ConfigureViewport,0.0
https://www.gothiaforum.com/regenerative_medicine,SPEED,66
https://www.gothiaforum.com/regenerative_medicine,htmlResponseBytes,97890
https://www.gothiaforum.com/regenerative_medicine,USABILITY,90
https://www.gothiaforum.com/regenerative_medicine,numberJsResources,21
https://www.gothiaforum.com/regenerative_medicine,imageResponseBytes,62318
https://www.gothiaforum.com/regenerative_medicine,UseLegibleFontSizes,0.0
https://www.gothiaforum.com/regenerative_medicine,AvoidPlugins,0.0
https://www.gothiaforum.com/viktiga-lankar-inom-atmp,MinifyHTML,0.0
https://www.gothiaforum.com/viktiga-lankar-inom-atmp,EnableGzipCompression,0.0
https://www.gothiaforum.com/viktiga-lankar-inom-atmp,numberHosts,6
https://www.gothiaforum.com/viktiga-lankar-inom-atmp,numberStaticResources,29
https://www.gothiaforum.com/viktiga-lankar-inom-atmp,otherResponseBytes,60282
https://www.gothiaforum.com/viktiga-lankar-inom-atmp,AvoidLandingPageRedirects,0.0
https://www.gothiaforum.com/viktiga-lankar-inom-atmp,MinimizeRenderBlockingResources,48.0
https://www.gothiaforum.com/viktiga-lankar-inom-atmp,OptimizeImages,0.0733
https://www.gothiaforum.com/viktiga-lankar-inom-atmp,totalRequestBytes,7830
https://www.gothiaforum.com/viktiga-lankar-inom-atmp,javascriptResponseBytes,1246485
https://www.gothiaforum.com/viktiga-lankar-inom-atmp,MinifyJavaScript,0.205
https://www.gothiaforum.com/viktiga-lankar-inom-atmp,SizeTapTargetsAppropriately,5.671077504725898
https://www.gothiaforum.com/viktiga-lankar-inom-atmp,numberResources,36
https://www.gothiaforum.com/viktiga-lankar-inom-atmp,MinifyCss,0.0
https://www.gothiaforum.com/viktiga-lankar-inom-atmp,LeverageBrowserCaching,3.738541666666667
https://www.gothiaforum.com/viktiga-lankar-inom-atmp,SizeContentToViewport,3.0
https://www.gothiaforum.com/viktiga-lankar-inom-atmp,cssResponseBytes,392381
https://www.gothiaforum.com/viktiga-lankar-inom-atmp,numberCssResources,7
https://www.gothiaforum.com/viktiga-lankar-inom-atmp,PrioritizeVisibleContent,0.0
https://www.gothiaforum.com/viktiga-lankar-inom-atmp,MainResourceServerResponseTime,0.0
https://www.gothiaforum.com/viktiga-lankar-inom-atmp,ConfigureViewport,0.0
https://www.gothiaforum.com/viktiga-lankar-inom-atmp,SPEED,66
https://www.gothiaforum.com/viktiga-lankar-inom-atmp,htmlResponseBytes,100346
https://www.gothiaforum.com/viktiga-lankar-inom-atmp,USABILITY,91
https://www.gothiaforum.com/viktiga-lankar-inom-atmp,numberJsResources,19
https://www.gothiaforum.com/viktiga-lankar-inom-atmp,imageResponseBytes,15160
https://www.gothiaforum.com/viktiga-lankar-inom-atmp,UseLegibleFontSizes,0.0
https://www.gothiaforum.com/viktiga-lankar-inom-atmp,AvoidPlugins,0.0
https://www.gothiaforum.com/ansokningar-inom-atmp,MinifyHTML,0.0
https://www.gothiaforum.com/ansokningar-inom-atmp,EnableGzipCompression,0.0
https://www.gothiaforum.com/ansokningar-inom-atmp,numberHosts,6
https://www.gothiaforum.com/ansokningar-inom-atmp,numberStaticResources,29
https://www.gothiaforum.com/ansokningar-inom-atmp,otherResponseBytes,60282
https://www.gothiaforum.com/ansokningar-inom-atmp,AvoidLandingPageRedirects,0.0
https://www.gothiaforum.com/ansokningar-inom-atmp,MinimizeRenderBlockingResources,48.0
https://www.gothiaforum.com/ansokningar-inom-atmp,OptimizeImages,0.0733
https://www.gothiaforum.com/ansokningar-inom-atmp,totalRequestBytes,7815
https://www.gothiaforum.com/ansokningar-inom-atmp,javascriptResponseBytes,1246403
https://www.gothiaforum.com/ansokningar-inom-atmp,MinifyJavaScript,0.205
https://www.gothiaforum.com/ansokningar-inom-atmp,SizeTapTargetsAppropriately,5.049309664694279
https://www.gothiaforum.com/ansokningar-inom-atmp,numberResources,36
https://www.gothiaforum.com/ansokningar-inom-atmp,MinifyCss,0.0
https://www.gothiaforum.com/ansokningar-inom-atmp,LeverageBrowserCaching,3.738541666666667
https://www.gothiaforum.com/ansokningar-inom-atmp,SizeContentToViewport,3.0
https://www.gothiaforum.com/ansokningar-inom-atmp,cssResponseBytes,392385
https://www.gothiaforum.com/ansokningar-inom-atmp,numberCssResources,7
https://www.gothiaforum.com/ansokningar-inom-atmp,PrioritizeVisibleContent,0.0
https://www.gothiaforum.com/ansokningar-inom-atmp,MainResourceServerResponseTime,0.0
https://www.gothiaforum.com/ansokningar-inom-atmp,ConfigureViewport,0.0
https://www.gothiaforum.com/ansokningar-inom-atmp,SPEED,66
https://www.gothiaforum.com/ansokningar-inom-atmp,htmlResponseBytes,100199
https://www.gothiaforum.com/ansokningar-inom-atmp,USABILITY,91
https://www.gothiaforum.com/ansokningar-inom-atmp,numberJsResources,19
https://www.gothiaforum.com/ansokningar-inom-atmp,imageResponseBytes,15166
https://www.gothiaforum.com/ansokningar-inom-atmp,UseLegibleFontSizes,0.0
https://www.gothiaforum.com/ansokningar-inom-atmp,AvoidPlugins,0.0
https://www.gothiaforum.com/nodsamarbete-inom-atmp,MinifyHTML,0.0
https://www.gothiaforum.com/nodsamarbete-inom-atmp,EnableGzipCompression,0.0
https://www.gothiaforum.com/nodsamarbete-inom-atmp,numberHosts,6
https://www.gothiaforum.com/nodsamarbete-inom-atmp,numberStaticResources,29
https://www.gothiaforum.com/nodsamarbete-inom-atmp,otherResponseBytes,60282
https://www.gothiaforum.com/nodsamarbete-inom-atmp,AvoidLandingPageRedirects,0.0
https://www.gothiaforum.com/nodsamarbete-inom-atmp,MinimizeRenderBlockingResources,48.0
https://www.gothiaforum.com/nodsamarbete-inom-atmp,OptimizeImages,23.9881
https://www.gothiaforum.com/nodsamarbete-inom-atmp,totalRequestBytes,8193
https://www.gothiaforum.com/nodsamarbete-inom-atmp,javascriptResponseBytes,1246483
https://www.gothiaforum.com/nodsamarbete-inom-atmp,MinifyJavaScript,0.205
https://www.gothiaforum.com/nodsamarbete-inom-atmp,SizeTapTargetsAppropriately,6.489994591671174
https://www.gothiaforum.com/nodsamarbete-inom-atmp,numberResources,37
https://www.gothiaforum.com/nodsamarbete-inom-atmp,MinifyCss,0.0
https://www.gothiaforum.com/nodsamarbete-inom-atmp,LeverageBrowserCaching,3.738541666666667
https://www.gothiaforum.com/nodsamarbete-inom-atmp,SizeContentToViewport,3.0
https://www.gothiaforum.com/nodsamarbete-inom-atmp,cssResponseBytes,392424
https://www.gothiaforum.com/nodsamarbete-inom-atmp,numberCssResources,7
https://www.gothiaforum.com/nodsamarbete-inom-atmp,PrioritizeVisibleContent,0.0
https://www.gothiaforum.com/nodsamarbete-inom-atmp,MainResourceServerResponseTime,0.0
https://www.gothiaforum.com/nodsamarbete-inom-atmp,ConfigureViewport,0.0
https://www.gothiaforum.com/nodsamarbete-inom-atmp,SPEED,58
https://www.gothiaforum.com/nodsamarbete-inom-atmp,htmlResponseBytes,101104
https://www.gothiaforum.com/nodsamarbete-inom-atmp,USABILITY,90
https://www.gothiaforum.com/nodsamarbete-inom-atmp,numberJsResources,19
https://www.gothiaforum.com/nodsamarbete-inom-atmp,imageResponseBytes,437661
https://www.gothiaforum.com/nodsamarbete-inom-atmp,UseLegibleFontSizes,0.0
https://www.gothiaforum.com/nodsamarbete-inom-atmp,AvoidPlugins,0.0
https://www.gothiaforum.com/kurser-inom-atmp,MinifyHTML,0.0
https://www.gothiaforum.com/kurser-inom-atmp,EnableGzipCompression,0.0
https://www.gothiaforum.com/kurser-inom-atmp,numberHosts,6
https://www.gothiaforum.com/kurser-inom-atmp,numberStaticResources,29
https://www.gothiaforum.com/kurser-inom-atmp,otherResponseBytes,60282
https://www.gothiaforum.com/kurser-inom-atmp,AvoidLandingPageRedirects,0.0
https://www.gothiaforum.com/kurser-inom-atmp,MinimizeRenderBlockingResources,48.0
https://www.gothiaforum.com/kurser-inom-atmp,OptimizeImages,0.0733
https://www.gothiaforum.com/kurser-inom-atmp,totalRequestBytes,7946
https://www.gothiaforum.com/kurser-inom-atmp,javascriptResponseBytes,1246565
https://www.gothiaforum.com/kurser-inom-atmp,MinifyJavaScript,0.205
https://www.gothiaforum.com/kurser-inom-atmp,SizeTapTargetsAppropriately,4.153596538669551
https://www.gothiaforum.com/kurser-inom-atmp,numberResources,36
https://www.gothiaforum.com/kurser-inom-atmp,MinifyCss,0.0
https://www.gothiaforum.com/kurser-inom-atmp,LeverageBrowserCaching,3.738541666666667
https://www.gothiaforum.com/kurser-inom-atmp,SizeContentToViewport,3.0
https://www.gothiaforum.com/kurser-inom-atmp,cssResponseBytes,392342
https://www.gothiaforum.com/kurser-inom-atmp,numberCssResources,7
https://www.gothiaforum.com/kurser-inom-atmp,PrioritizeVisibleContent,0.0
https://www.gothiaforum.com/kurser-inom-atmp,MainResourceServerResponseTime,0.0
https://www.gothiaforum.com/kurser-inom-atmp,ConfigureViewport,0.0
https://www.gothiaforum.com/kurser-inom-atmp,SPEED,66
https://www.gothiaforum.com/kurser-inom-atmp,htmlResponseBytes,100494
https://www.gothiaforum.com/kurser-inom-atmp,USABILITY,92
https://www.gothiaforum.com/kurser-inom-atmp,numberJsResources,19
https://www.gothiaforum.com/kurser-inom-atmp,imageResponseBytes,15160
https://www.gothiaforum.com/kurser-inom-atmp,UseLegibleFontSizes,0.0
https://www.gothiaforum.com/kurser-inom-atmp,AvoidPlugins,0.0
https://www.gothiaforum.com/foretag-i-goteborg,MinifyHTML,0.0
https://www.gothiaforum.com/foretag-i-goteborg,EnableGzipCompression,0.0
https://www.gothiaforum.com/foretag-i-goteborg,numberHosts,6
https://www.gothiaforum.com/foretag-i-goteborg,numberStaticResources,29
https://www.gothiaforum.com/foretag-i-goteborg,otherResponseBytes,60282
https://www.gothiaforum.com/foretag-i-goteborg,AvoidLandingPageRedirects,0.0
https://www.gothiaforum.com/foretag-i-goteborg,MinimizeRenderBlockingResources,48.0
https://www.gothiaforum.com/foretag-i-goteborg,OptimizeImages,0.0733
https://www.gothiaforum.com/foretag-i-goteborg,totalRequestBytes,7653
https://www.gothiaforum.com/foretag-i-goteborg,javascriptResponseBytes,1246360
https://www.gothiaforum.com/foretag-i-goteborg,MinifyJavaScript,0.205
https://www.gothiaforum.com/foretag-i-goteborg,SizeTapTargetsAppropriately,6.302083333333333
https://www.gothiaforum.com/foretag-i-goteborg,numberResources,36
https://www.gothiaforum.com/foretag-i-goteborg,MinifyCss,0.0
https://www.gothiaforum.com/foretag-i-goteborg,LeverageBrowserCaching,3.738541666666667
https://www.gothiaforum.com/foretag-i-goteborg,SizeContentToViewport,3.0
https://www.gothiaforum.com/foretag-i-goteborg,cssResponseBytes,392381
https://www.gothiaforum.com/foretag-i-goteborg,numberCssResources,7
https://www.gothiaforum.com/foretag-i-goteborg,PrioritizeVisibleContent,0.0
https://www.gothiaforum.com/foretag-i-goteborg,MainResourceServerResponseTime,0.0
https://www.gothiaforum.com/foretag-i-goteborg,ConfigureViewport,0.0
https://www.gothiaforum.com/foretag-i-goteborg,SPEED,66
https://www.gothiaforum.com/foretag-i-goteborg,htmlResponseBytes,100321
https://www.gothiaforum.com/foretag-i-goteborg,USABILITY,90
https://www.gothiaforum.com/foretag-i-goteborg,numberJsResources,19
https://www.gothiaforum.com/foretag-i-goteborg,imageResponseBytes,15121
https://www.gothiaforum.com/foretag-i-goteborg,UseLegibleFontSizes,0.0
https://www.gothiaforum.com/foretag-i-goteborg,AvoidPlugins,0.0
https://www.gothiaforum.com/forskargrupper-i-goteborg,MinifyHTML,0.0
https://www.gothiaforum.com/forskargrupper-i-goteborg,EnableGzipCompression,0.0
https://www.gothiaforum.com/forskargrupper-i-goteborg,numberHosts,6
https://www.gothiaforum.com/forskargrupper-i-goteborg,numberStaticResources,29
https://www.gothiaforum.com/forskargrupper-i-goteborg,otherResponseBytes,60282
https://www.gothiaforum.com/forskargrupper-i-goteborg,AvoidLandingPageRedirects,0.0
https://www.gothiaforum.com/forskargrupper-i-goteborg,MinimizeRenderBlockingResources,48.0
https://www.gothiaforum.com/forskargrupper-i-goteborg,OptimizeImages,0.0733
https://www.gothiaforum.com/forskargrupper-i-goteborg,totalRequestBytes,7910
https://www.gothiaforum.com/forskargrupper-i-goteborg,javascriptResponseBytes,1246440
https://www.gothiaforum.com/forskargrupper-i-goteborg,MinifyJavaScript,0.205
https://www.gothiaforum.com/forskargrupper-i-goteborg,SizeTapTargetsAppropriately,6.139455782312925
https://www.gothiaforum.com/forskargrupper-i-goteborg,numberResources,36
https://www.gothiaforum.com/forskargrupper-i-goteborg,MinifyCss,0.0
https://www.gothiaforum.com/forskargrupper-i-goteborg,LeverageBrowserCaching,3.738541666666667
https://www.gothiaforum.com/forskargrupper-i-goteborg,SizeContentToViewport,3.0
https://www.gothiaforum.com/forskargrupper-i-goteborg,cssResponseBytes,392424
https://www.gothiaforum.com/forskargrupper-i-goteborg,numberCssResources,7
https://www.gothiaforum.com/forskargrupper-i-goteborg,PrioritizeVisibleContent,0.0
https://www.gothiaforum.com/forskargrupper-i-goteborg,MainResourceServerResponseTime,0.0
https://www.gothiaforum.com/forskargrupper-i-goteborg,ConfigureViewport,0.0
https://www.gothiaforum.com/forskargrupper-i-goteborg,SPEED,66
https://www.gothiaforum.com/forskargrupper-i-goteborg,htmlResponseBytes,102584
https://www.gothiaforum.com/forskargrupper-i-goteborg,USABILITY,90
https://www.gothiaforum.com/forskargrupper-i-goteborg,numberJsResources,19
https://www.gothiaforum.com/forskargrupper-i-goteborg,imageResponseBytes,15121
https://www.gothiaforum.com/forskargrupper-i-goteborg,UseLegibleFontSizes,0.0
https://www.gothiaforum.com/forskargrupper-i-goteborg,AvoidPlugins,0.0
https://www.gothiaforum.com/regenerativ-medicin,MinifyHTML,0.0
https://www.gothiaforum.com/regenerativ-medicin,EnableGzipCompression,0.0
https://www.gothiaforum.com/regenerativ-medicin,numberHosts,6
https://www.gothiaforum.com/regenerativ-medicin,numberStaticResources,29
https://www.gothiaforum.com/regenerativ-medicin,otherResponseBytes,60282
https://www.gothiaforum.com/regenerativ-medicin,AvoidLandingPageRedirects,0.0
https://www.gothiaforum.com/regenerativ-medicin,MinimizeRenderBlockingResources,48.0
https://www.gothiaforum.com/regenerativ-medicin,OptimizeImages,0.0733
https://www.gothiaforum.com/regenerativ-medicin,totalRequestBytes,7879
https://www.gothiaforum.com/regenerativ-medicin,javascriptResponseBytes,1246447
https://www.gothiaforum.com/regenerativ-medicin,MinifyJavaScript,0.205
https://www.gothiaforum.com/regenerativ-medicin,SizeTapTargetsAppropriately,4.437869822485207
https://www.gothiaforum.com/regenerativ-medicin,numberResources,36
https://www.gothiaforum.com/regenerativ-medicin,MinifyCss,0.0
https://www.gothiaforum.com/regenerativ-medicin,LeverageBrowserCaching,3.738541666666667
https://www.gothiaforum.com/regenerativ-medicin,SizeContentToViewport,3.0
https://www.gothiaforum.com/regenerativ-medicin,cssResponseBytes,392346
https://www.gothiaforum.com/regenerativ-medicin,numberCssResources,7
https://www.gothiaforum.com/regenerativ-medicin,PrioritizeVisibleContent,0.0
https://www.gothiaforum.com/regenerativ-medicin,MainResourceServerResponseTime,0.0
https://www.gothiaforum.com/regenerativ-medicin,ConfigureViewport,0.0
https://www.gothiaforum.com/regenerativ-medicin,SPEED,66
https://www.gothiaforum.com/regenerativ-medicin,htmlResponseBytes,100397
https://www.gothiaforum.com/regenerativ-medicin,USABILITY,92
https://www.gothiaforum.com/regenerativ-medicin,numberJsResources,19
https://www.gothiaforum.com/regenerativ-medicin,imageResponseBytes,15160
https://www.gothiaforum.com/regenerativ-medicin,UseLegibleFontSizes,0.0
https://www.gothiaforum.com/regenerativ-medicin,AvoidPlugins,0.0
https://www.gothiaforum.com/grants-office,MinifyHTML,0.0
https://www.gothiaforum.com/grants-office,EnableGzipCompression,0.0
https://www.gothiaforum.com/grants-office,numberHosts,6
https://www.gothiaforum.com/grants-office,numberStaticResources,29
https://www.gothiaforum.com/grants-office,otherResponseBytes,60282
https://www.gothiaforum.com/grants-office,AvoidLandingPageRedirects,0.0
https://www.gothiaforum.com/grants-office,MinimizeRenderBlockingResources,48.0
https://www.gothiaforum.com/grants-office,OptimizeImages,0.0733
https://www.gothiaforum.com/grants-office,totalRequestBytes,7933
https://www.gothiaforum.com/grants-office,javascriptResponseBytes,1246529
https://www.gothiaforum.com/grants-office,MinifyJavaScript,0.205
https://www.gothiaforum.com/grants-office,SizeTapTargetsAppropriately,7.023933402705515
https://www.gothiaforum.com/grants-office,numberResources,36
https://www.gothiaforum.com/grants-office,MinifyCss,0.0
https://www.gothiaforum.com/grants-office,LeverageBrowserCaching,3.738541666666667
https://www.gothiaforum.com/grants-office,SizeContentToViewport,3.0
https://www.gothiaforum.com/grants-office,cssResponseBytes,392385
https://www.gothiaforum.com/grants-office,numberCssResources,7
https://www.gothiaforum.com/grants-office,PrioritizeVisibleContent,0.0
https://www.gothiaforum.com/grants-office,MainResourceServerResponseTime,0.0
https://www.gothiaforum.com/grants-office,ConfigureViewport,0.0
https://www.gothiaforum.com/grants-office,SPEED,66
https://www.gothiaforum.com/grants-office,htmlResponseBytes,98899
https://www.gothiaforum.com/grants-office,USABILITY,89
https://www.gothiaforum.com/grants-office,numberJsResources,19
https://www.gothiaforum.com/grants-office,imageResponseBytes,15166
https://www.gothiaforum.com/grants-office,UseLegibleFontSizes,0.0
https://www.gothiaforum.com/grants-office,AvoidPlugins,0.0
https://www.gothiaforum.com/medicinsk-radgivning,MinifyHTML,0.0
https://www.gothiaforum.com/medicinsk-radgivning,EnableGzipCompression,0.0
https://www.gothiaforum.com/medicinsk-radgivning,numberHosts,6
https://www.gothiaforum.com/medicinsk-radgivning,numberStaticResources,32
https://www.gothiaforum.com/medicinsk-radgivning,otherResponseBytes,60282
https://www.gothiaforum.com/medicinsk-radgivning,AvoidLandingPageRedirects,0.0
https://www.gothiaforum.com/medicinsk-radgivning,MinimizeRenderBlockingResources,48.0
https://www.gothiaforum.com/medicinsk-radgivning,OptimizeImages,0.5921000000000001
https://www.gothiaforum.com/medicinsk-radgivning,totalRequestBytes,8477
https://www.gothiaforum.com/medicinsk-radgivning,javascriptResponseBytes,1273033
https://www.gothiaforum.com/medicinsk-radgivning,MinifyJavaScript,0.205
https://www.gothiaforum.com/medicinsk-radgivning,SizeTapTargetsAppropriately,7.023933402705515
https://www.gothiaforum.com/medicinsk-radgivning,numberResources,40
https://www.gothiaforum.com/medicinsk-radgivning,MinifyCss,0.0
https://www.gothiaforum.com/medicinsk-radgivning,LeverageBrowserCaching,3.738541666666667
https://www.gothiaforum.com/medicinsk-radgivning,SizeContentToViewport,3.0
https://www.gothiaforum.com/medicinsk-radgivning,cssResponseBytes,400788
https://www.gothiaforum.com/medicinsk-radgivning,numberCssResources,8
https://www.gothiaforum.com/medicinsk-radgivning,PrioritizeVisibleContent,0.0
https://www.gothiaforum.com/medicinsk-radgivning,MainResourceServerResponseTime,0.0
https://www.gothiaforum.com/medicinsk-radgivning,ConfigureViewport,0.0
https://www.gothiaforum.com/medicinsk-radgivning,SPEED,66
https://www.gothiaforum.com/medicinsk-radgivning,htmlResponseBytes,99522
https://www.gothiaforum.com/medicinsk-radgivning,USABILITY,89
https://www.gothiaforum.com/medicinsk-radgivning,numberJsResources,21
https://www.gothiaforum.com/medicinsk-radgivning,imageResponseBytes,30635
https://www.gothiaforum.com/medicinsk-radgivning,UseLegibleFontSizes,0.0
https://www.gothiaforum.com/medicinsk-radgivning,AvoidPlugins,0.0
https://www.gothiaforum.com/projektstod,MinifyHTML,0.0
https://www.gothiaforum.com/projektstod,EnableGzipCompression,0.0
https://www.gothiaforum.com/projektstod,numberHosts,6
https://www.gothiaforum.com/projektstod,numberStaticResources,29
https://www.gothiaforum.com/projektstod,otherResponseBytes,60282
https://www.gothiaforum.com/projektstod,AvoidLandingPageRedirects,0.0
https://www.gothiaforum.com/projektstod,MinimizeRenderBlockingResources,48.0
https://www.gothiaforum.com/projektstod,OptimizeImages,0.0733
https://www.gothiaforum.com/projektstod,totalRequestBytes,7772
https://www.gothiaforum.com/projektstod,javascriptResponseBytes,1246440
https://www.gothiaforum.com/projektstod,MinifyJavaScript,0.205
https://www.gothiaforum.com/projektstod,SizeTapTargetsAppropriately,6.591796875
https://www.gothiaforum.com/projektstod,numberResources,36
https://www.gothiaforum.com/projektstod,MinifyCss,0.0
https://www.gothiaforum.com/projektstod,LeverageBrowserCaching,3.738541666666667
https://www.gothiaforum.com/projektstod,SizeContentToViewport,3.0
https://www.gothiaforum.com/projektstod,cssResponseBytes,392381
https://www.gothiaforum.com/projektstod,numberCssResources,7
https://www.gothiaforum.com/projektstod,PrioritizeVisibleContent,0.0
https://www.gothiaforum.com/projektstod,MainResourceServerResponseTime,0.0
https://www.gothiaforum.com/projektstod,ConfigureViewport,0.0
https://www.gothiaforum.com/projektstod,SPEED,66
https://www.gothiaforum.com/projektstod,htmlResponseBytes,99002
https://www.gothiaforum.com/projektstod,USABILITY,90
https://www.gothiaforum.com/projektstod,numberJsResources,19
https://www.gothiaforum.com/projektstod,imageResponseBytes,15160
https://www.gothiaforum.com/projektstod,UseLegibleFontSizes,0.0
https://www.gothiaforum.com/projektstod,AvoidPlugins,0.0
https://www.gothiaforum.com/testbadd,MinifyHTML,0.0
https://www.gothiaforum.com/testbadd,EnableGzipCompression,0.0
https://www.gothiaforum.com/testbadd,numberHosts,6
https://www.gothiaforum.com/testbadd,numberStaticResources,29
https://www.gothiaforum.com/testbadd,otherResponseBytes,60282
https://www.gothiaforum.com/testbadd,AvoidLandingPageRedirects,0.0
https://www.gothiaforum.com/testbadd,MinimizeRenderBlockingResources,48.0
https://www.gothiaforum.com/testbadd,OptimizeImages,0.0733
https://www.gothiaforum.com/testbadd,totalRequestBytes,7682
https://www.gothiaforum.com/testbadd,javascriptResponseBytes,1246397
https://www.gothiaforum.com/testbadd,MinifyJavaScript,0.205
https://www.gothiaforum.com/testbadd,SizeTapTargetsAppropriately,6.198347107438017
https://www.gothiaforum.com/testbadd,numberResources,36
https://www.gothiaforum.com/testbadd,MinifyCss,0.0
https://www.gothiaforum.com/testbadd,LeverageBrowserCaching,3.738541666666667
https://www.gothiaforum.com/testbadd,SizeContentToViewport,3.0
https://www.gothiaforum.com/testbadd,cssResponseBytes,392303
https://www.gothiaforum.com/testbadd,numberCssResources,7
https://www.gothiaforum.com/testbadd,PrioritizeVisibleContent,0.0
https://www.gothiaforum.com/testbadd,MainResourceServerResponseTime,0.0
https://www.gothiaforum.com/testbadd,ConfigureViewport,0.0
https://www.gothiaforum.com/testbadd,SPEED,66
https://www.gothiaforum.com/testbadd,htmlResponseBytes,99350
https://www.gothiaforum.com/testbadd,USABILITY,90
https://www.gothiaforum.com/testbadd,numberJsResources,19
https://www.gothiaforum.com/testbadd,imageResponseBytes,15160
https://www.gothiaforum.com/testbadd,UseLegibleFontSizes,0.0
https://www.gothiaforum.com/testbadd,AvoidPlugins,0.0
