http://www.billstromska.fhsk.se/vaxtverkstan/,MinifyHTML,0.0
http://www.billstromska.fhsk.se/vaxtverkstan/,EnableGzipCompression,0.0
http://www.billstromska.fhsk.se/vaxtverkstan/,numberHosts,1
http://www.billstromska.fhsk.se/vaxtverkstan/,numberStaticResources,22
http://www.billstromska.fhsk.se/vaxtverkstan/,otherResponseBytes,67820
http://www.billstromska.fhsk.se/vaxtverkstan/,AvoidLandingPageRedirects,0.0
http://www.billstromska.fhsk.se/vaxtverkstan/,MinimizeRenderBlockingResources,0.0
http://www.billstromska.fhsk.se/vaxtverkstan/,OptimizeImages,1.8279
http://www.billstromska.fhsk.se/vaxtverkstan/,totalRequestBytes,2516
http://www.billstromska.fhsk.se/vaxtverkstan/,javascriptResponseBytes,345026
http://www.billstromska.fhsk.se/vaxtverkstan/,MinifyJavaScript,0.0
http://www.billstromska.fhsk.se/vaxtverkstan/,SizeTapTargetsAppropriately,3.333333333333333
http://www.billstromska.fhsk.se/vaxtverkstan/,numberResources,25
http://www.billstromska.fhsk.se/vaxtverkstan/,MinifyCss,0.0
http://www.billstromska.fhsk.se/vaxtverkstan/,LeverageBrowserCaching,0.0
http://www.billstromska.fhsk.se/vaxtverkstan/,SizeContentToViewport,0.0
http://www.billstromska.fhsk.se/vaxtverkstan/,cssResponseBytes,123670
http://www.billstromska.fhsk.se/vaxtverkstan/,numberCssResources,2
http://www.billstromska.fhsk.se/vaxtverkstan/,PrioritizeVisibleContent,0.0
http://www.billstromska.fhsk.se/vaxtverkstan/,MainResourceServerResponseTime,0.54
http://www.billstromska.fhsk.se/vaxtverkstan/,ConfigureViewport,0.0
http://www.billstromska.fhsk.se/vaxtverkstan/,SPEED,97
http://www.billstromska.fhsk.se/vaxtverkstan/,htmlResponseBytes,84398
http://www.billstromska.fhsk.se/vaxtverkstan/,USABILITY,96
http://www.billstromska.fhsk.se/vaxtverkstan/,numberJsResources,2
http://www.billstromska.fhsk.se/vaxtverkstan/,imageResponseBytes,278607
http://www.billstromska.fhsk.se/vaxtverkstan/,UseLegibleFontSizes,0.0
http://www.billstromska.fhsk.se/vaxtverkstan/,AvoidPlugins,0.0
http://www.billstromska.fhsk.se/kurser/sommarkurs/akvarellmalning/,MinifyHTML,0.0
http://www.billstromska.fhsk.se/kurser/sommarkurs/akvarellmalning/,EnableGzipCompression,0.0
http://www.billstromska.fhsk.se/kurser/sommarkurs/akvarellmalning/,numberHosts,1
http://www.billstromska.fhsk.se/kurser/sommarkurs/akvarellmalning/,numberStaticResources,23
http://www.billstromska.fhsk.se/kurser/sommarkurs/akvarellmalning/,otherResponseBytes,67820
http://www.billstromska.fhsk.se/kurser/sommarkurs/akvarellmalning/,AvoidLandingPageRedirects,0.0
http://www.billstromska.fhsk.se/kurser/sommarkurs/akvarellmalning/,MinimizeRenderBlockingResources,0.0
http://www.billstromska.fhsk.se/kurser/sommarkurs/akvarellmalning/,OptimizeImages,0.2308
http://www.billstromska.fhsk.se/kurser/sommarkurs/akvarellmalning/,totalRequestBytes,2583
http://www.billstromska.fhsk.se/kurser/sommarkurs/akvarellmalning/,javascriptResponseBytes,345026
http://www.billstromska.fhsk.se/kurser/sommarkurs/akvarellmalning/,MinifyJavaScript,0.0
http://www.billstromska.fhsk.se/kurser/sommarkurs/akvarellmalning/,SizeTapTargetsAppropriately,2.6515704894083276
http://www.billstromska.fhsk.se/kurser/sommarkurs/akvarellmalning/,numberResources,26
http://www.billstromska.fhsk.se/kurser/sommarkurs/akvarellmalning/,MinifyCss,0.0
http://www.billstromska.fhsk.se/kurser/sommarkurs/akvarellmalning/,LeverageBrowserCaching,0.0
http://www.billstromska.fhsk.se/kurser/sommarkurs/akvarellmalning/,SizeContentToViewport,0.0
http://www.billstromska.fhsk.se/kurser/sommarkurs/akvarellmalning/,cssResponseBytes,123670
http://www.billstromska.fhsk.se/kurser/sommarkurs/akvarellmalning/,numberCssResources,2
http://www.billstromska.fhsk.se/kurser/sommarkurs/akvarellmalning/,PrioritizeVisibleContent,8.0
http://www.billstromska.fhsk.se/kurser/sommarkurs/akvarellmalning/,MainResourceServerResponseTime,2.265
http://www.billstromska.fhsk.se/kurser/sommarkurs/akvarellmalning/,ConfigureViewport,0.0
http://www.billstromska.fhsk.se/kurser/sommarkurs/akvarellmalning/,SPEED,89
http://www.billstromska.fhsk.se/kurser/sommarkurs/akvarellmalning/,htmlResponseBytes,85539
http://www.billstromska.fhsk.se/kurser/sommarkurs/akvarellmalning/,USABILITY,96
http://www.billstromska.fhsk.se/kurser/sommarkurs/akvarellmalning/,numberJsResources,2
http://www.billstromska.fhsk.se/kurser/sommarkurs/akvarellmalning/,imageResponseBytes,117754
http://www.billstromska.fhsk.se/kurser/sommarkurs/akvarellmalning/,UseLegibleFontSizes,0.0
http://www.billstromska.fhsk.se/kurser/sommarkurs/akvarellmalning/,AvoidPlugins,0.0
http://www.billstromska.fhsk.se/kurser/sommarkurs/frigorande-dans---body-spirit-move/,MinifyHTML,0.0
http://www.billstromska.fhsk.se/kurser/sommarkurs/frigorande-dans---body-spirit-move/,EnableGzipCompression,0.0
http://www.billstromska.fhsk.se/kurser/sommarkurs/frigorande-dans---body-spirit-move/,numberHosts,1
http://www.billstromska.fhsk.se/kurser/sommarkurs/frigorande-dans---body-spirit-move/,numberStaticResources,21
http://www.billstromska.fhsk.se/kurser/sommarkurs/frigorande-dans---body-spirit-move/,otherResponseBytes,67820
http://www.billstromska.fhsk.se/kurser/sommarkurs/frigorande-dans---body-spirit-move/,AvoidLandingPageRedirects,0.0
http://www.billstromska.fhsk.se/kurser/sommarkurs/frigorande-dans---body-spirit-move/,MinimizeRenderBlockingResources,0.0
http://www.billstromska.fhsk.se/kurser/sommarkurs/frigorande-dans---body-spirit-move/,OptimizeImages,0.2308
http://www.billstromska.fhsk.se/kurser/sommarkurs/frigorande-dans---body-spirit-move/,totalRequestBytes,2429
http://www.billstromska.fhsk.se/kurser/sommarkurs/frigorande-dans---body-spirit-move/,javascriptResponseBytes,345026
http://www.billstromska.fhsk.se/kurser/sommarkurs/frigorande-dans---body-spirit-move/,MinifyJavaScript,0.0
http://www.billstromska.fhsk.se/kurser/sommarkurs/frigorande-dans---body-spirit-move/,SizeTapTargetsAppropriately,2.6515704894083276
http://www.billstromska.fhsk.se/kurser/sommarkurs/frigorande-dans---body-spirit-move/,numberResources,24
http://www.billstromska.fhsk.se/kurser/sommarkurs/frigorande-dans---body-spirit-move/,MinifyCss,0.0
http://www.billstromska.fhsk.se/kurser/sommarkurs/frigorande-dans---body-spirit-move/,LeverageBrowserCaching,0.0
http://www.billstromska.fhsk.se/kurser/sommarkurs/frigorande-dans---body-spirit-move/,SizeContentToViewport,0.0
http://www.billstromska.fhsk.se/kurser/sommarkurs/frigorande-dans---body-spirit-move/,cssResponseBytes,123670
http://www.billstromska.fhsk.se/kurser/sommarkurs/frigorande-dans---body-spirit-move/,numberCssResources,2
http://www.billstromska.fhsk.se/kurser/sommarkurs/frigorande-dans---body-spirit-move/,PrioritizeVisibleContent,0.0
http://www.billstromska.fhsk.se/kurser/sommarkurs/frigorande-dans---body-spirit-move/,MainResourceServerResponseTime,0.0
http://www.billstromska.fhsk.se/kurser/sommarkurs/frigorande-dans---body-spirit-move/,ConfigureViewport,0.0
http://www.billstromska.fhsk.se/kurser/sommarkurs/frigorande-dans---body-spirit-move/,SPEED,99
http://www.billstromska.fhsk.se/kurser/sommarkurs/frigorande-dans---body-spirit-move/,htmlResponseBytes,85991
http://www.billstromska.fhsk.se/kurser/sommarkurs/frigorande-dans---body-spirit-move/,USABILITY,96
http://www.billstromska.fhsk.se/kurser/sommarkurs/frigorande-dans---body-spirit-move/,numberJsResources,2
http://www.billstromska.fhsk.se/kurser/sommarkurs/frigorande-dans---body-spirit-move/,imageResponseBytes,111059
http://www.billstromska.fhsk.se/kurser/sommarkurs/frigorande-dans---body-spirit-move/,UseLegibleFontSizes,0.0
http://www.billstromska.fhsk.se/kurser/sommarkurs/frigorande-dans---body-spirit-move/,AvoidPlugins,0.0
http://www.billstromska.fhsk.se/kurser/sommarkurs/handgjort-papper-och-fria-stygn/,MinifyHTML,0.0
http://www.billstromska.fhsk.se/kurser/sommarkurs/handgjort-papper-och-fria-stygn/,EnableGzipCompression,0.0
http://www.billstromska.fhsk.se/kurser/sommarkurs/handgjort-papper-och-fria-stygn/,numberHosts,1
http://www.billstromska.fhsk.se/kurser/sommarkurs/handgjort-papper-och-fria-stygn/,numberStaticResources,23
http://www.billstromska.fhsk.se/kurser/sommarkurs/handgjort-papper-och-fria-stygn/,otherResponseBytes,67820
http://www.billstromska.fhsk.se/kurser/sommarkurs/handgjort-papper-och-fria-stygn/,AvoidLandingPageRedirects,0.0
http://www.billstromska.fhsk.se/kurser/sommarkurs/handgjort-papper-och-fria-stygn/,MinimizeRenderBlockingResources,0.0
http://www.billstromska.fhsk.se/kurser/sommarkurs/handgjort-papper-och-fria-stygn/,OptimizeImages,0.2308
http://www.billstromska.fhsk.se/kurser/sommarkurs/handgjort-papper-och-fria-stygn/,totalRequestBytes,2599
http://www.billstromska.fhsk.se/kurser/sommarkurs/handgjort-papper-och-fria-stygn/,javascriptResponseBytes,345026
http://www.billstromska.fhsk.se/kurser/sommarkurs/handgjort-papper-och-fria-stygn/,MinifyJavaScript,0.0
http://www.billstromska.fhsk.se/kurser/sommarkurs/handgjort-papper-och-fria-stygn/,SizeTapTargetsAppropriately,2.6515704894083276
http://www.billstromska.fhsk.se/kurser/sommarkurs/handgjort-papper-och-fria-stygn/,numberResources,26
http://www.billstromska.fhsk.se/kurser/sommarkurs/handgjort-papper-och-fria-stygn/,MinifyCss,0.0
http://www.billstromska.fhsk.se/kurser/sommarkurs/handgjort-papper-och-fria-stygn/,LeverageBrowserCaching,0.0
http://www.billstromska.fhsk.se/kurser/sommarkurs/handgjort-papper-och-fria-stygn/,SizeContentToViewport,0.0
http://www.billstromska.fhsk.se/kurser/sommarkurs/handgjort-papper-och-fria-stygn/,cssResponseBytes,123670
http://www.billstromska.fhsk.se/kurser/sommarkurs/handgjort-papper-och-fria-stygn/,numberCssResources,2
http://www.billstromska.fhsk.se/kurser/sommarkurs/handgjort-papper-och-fria-stygn/,PrioritizeVisibleContent,8.0
http://www.billstromska.fhsk.se/kurser/sommarkurs/handgjort-papper-och-fria-stygn/,MainResourceServerResponseTime,2.235
http://www.billstromska.fhsk.se/kurser/sommarkurs/handgjort-papper-och-fria-stygn/,ConfigureViewport,0.0
http://www.billstromska.fhsk.se/kurser/sommarkurs/handgjort-papper-och-fria-stygn/,SPEED,89
http://www.billstromska.fhsk.se/kurser/sommarkurs/handgjort-papper-och-fria-stygn/,htmlResponseBytes,85649
http://www.billstromska.fhsk.se/kurser/sommarkurs/handgjort-papper-och-fria-stygn/,USABILITY,96
http://www.billstromska.fhsk.se/kurser/sommarkurs/handgjort-papper-och-fria-stygn/,numberJsResources,2
http://www.billstromska.fhsk.se/kurser/sommarkurs/handgjort-papper-och-fria-stygn/,imageResponseBytes,111443
http://www.billstromska.fhsk.se/kurser/sommarkurs/handgjort-papper-och-fria-stygn/,UseLegibleFontSizes,0.0
http://www.billstromska.fhsk.se/kurser/sommarkurs/handgjort-papper-och-fria-stygn/,AvoidPlugins,0.0
http://www.billstromska.fhsk.se/kurser/sommarkurs/sticka-och-virka-med-mera/,MinifyHTML,0.0
http://www.billstromska.fhsk.se/kurser/sommarkurs/sticka-och-virka-med-mera/,EnableGzipCompression,0.0
http://www.billstromska.fhsk.se/kurser/sommarkurs/sticka-och-virka-med-mera/,numberHosts,1
http://www.billstromska.fhsk.se/kurser/sommarkurs/sticka-och-virka-med-mera/,numberStaticResources,23
http://www.billstromska.fhsk.se/kurser/sommarkurs/sticka-och-virka-med-mera/,otherResponseBytes,67820
http://www.billstromska.fhsk.se/kurser/sommarkurs/sticka-och-virka-med-mera/,AvoidLandingPageRedirects,0.0
http://www.billstromska.fhsk.se/kurser/sommarkurs/sticka-och-virka-med-mera/,MinimizeRenderBlockingResources,0.0
http://www.billstromska.fhsk.se/kurser/sommarkurs/sticka-och-virka-med-mera/,OptimizeImages,0.2308
http://www.billstromska.fhsk.se/kurser/sommarkurs/sticka-och-virka-med-mera/,totalRequestBytes,2593
http://www.billstromska.fhsk.se/kurser/sommarkurs/sticka-och-virka-med-mera/,javascriptResponseBytes,345026
http://www.billstromska.fhsk.se/kurser/sommarkurs/sticka-och-virka-med-mera/,MinifyJavaScript,0.0
http://www.billstromska.fhsk.se/kurser/sommarkurs/sticka-och-virka-med-mera/,SizeTapTargetsAppropriately,2.5138504155124655
http://www.billstromska.fhsk.se/kurser/sommarkurs/sticka-och-virka-med-mera/,numberResources,26
http://www.billstromska.fhsk.se/kurser/sommarkurs/sticka-och-virka-med-mera/,MinifyCss,0.0
http://www.billstromska.fhsk.se/kurser/sommarkurs/sticka-och-virka-med-mera/,LeverageBrowserCaching,0.0
http://www.billstromska.fhsk.se/kurser/sommarkurs/sticka-och-virka-med-mera/,SizeContentToViewport,0.0
http://www.billstromska.fhsk.se/kurser/sommarkurs/sticka-och-virka-med-mera/,cssResponseBytes,123670
http://www.billstromska.fhsk.se/kurser/sommarkurs/sticka-och-virka-med-mera/,numberCssResources,2
http://www.billstromska.fhsk.se/kurser/sommarkurs/sticka-och-virka-med-mera/,PrioritizeVisibleContent,8.0
http://www.billstromska.fhsk.se/kurser/sommarkurs/sticka-och-virka-med-mera/,MainResourceServerResponseTime,0.0
http://www.billstromska.fhsk.se/kurser/sommarkurs/sticka-och-virka-med-mera/,ConfigureViewport,0.0
http://www.billstromska.fhsk.se/kurser/sommarkurs/sticka-och-virka-med-mera/,SPEED,91
http://www.billstromska.fhsk.se/kurser/sommarkurs/sticka-och-virka-med-mera/,htmlResponseBytes,88511
http://www.billstromska.fhsk.se/kurser/sommarkurs/sticka-och-virka-med-mera/,USABILITY,97
http://www.billstromska.fhsk.se/kurser/sommarkurs/sticka-och-virka-med-mera/,numberJsResources,2
http://www.billstromska.fhsk.se/kurser/sommarkurs/sticka-och-virka-med-mera/,imageResponseBytes,124899
http://www.billstromska.fhsk.se/kurser/sommarkurs/sticka-och-virka-med-mera/,UseLegibleFontSizes,0.0
http://www.billstromska.fhsk.se/kurser/sommarkurs/sticka-och-virka-med-mera/,AvoidPlugins,0.0
http://www.billstromska.fhsk.se/kurser/sommarkurs/keramik/,MinifyHTML,0.0
http://www.billstromska.fhsk.se/kurser/sommarkurs/keramik/,EnableGzipCompression,0.0
http://www.billstromska.fhsk.se/kurser/sommarkurs/keramik/,numberHosts,1
http://www.billstromska.fhsk.se/kurser/sommarkurs/keramik/,numberStaticResources,20
http://www.billstromska.fhsk.se/kurser/sommarkurs/keramik/,otherResponseBytes,67820
http://www.billstromska.fhsk.se/kurser/sommarkurs/keramik/,AvoidLandingPageRedirects,0.0
http://www.billstromska.fhsk.se/kurser/sommarkurs/keramik/,MinimizeRenderBlockingResources,0.0
http://www.billstromska.fhsk.se/kurser/sommarkurs/keramik/,OptimizeImages,0.2308
http://www.billstromska.fhsk.se/kurser/sommarkurs/keramik/,totalRequestBytes,2252
http://www.billstromska.fhsk.se/kurser/sommarkurs/keramik/,javascriptResponseBytes,345026
http://www.billstromska.fhsk.se/kurser/sommarkurs/keramik/,MinifyJavaScript,0.0
http://www.billstromska.fhsk.se/kurser/sommarkurs/keramik/,SizeTapTargetsAppropriately,2.8009259259259265
http://www.billstromska.fhsk.se/kurser/sommarkurs/keramik/,numberResources,23
http://www.billstromska.fhsk.se/kurser/sommarkurs/keramik/,MinifyCss,0.0
http://www.billstromska.fhsk.se/kurser/sommarkurs/keramik/,LeverageBrowserCaching,0.0
http://www.billstromska.fhsk.se/kurser/sommarkurs/keramik/,SizeContentToViewport,0.0
http://www.billstromska.fhsk.se/kurser/sommarkurs/keramik/,cssResponseBytes,123670
http://www.billstromska.fhsk.se/kurser/sommarkurs/keramik/,numberCssResources,2
http://www.billstromska.fhsk.se/kurser/sommarkurs/keramik/,PrioritizeVisibleContent,0.0
http://www.billstromska.fhsk.se/kurser/sommarkurs/keramik/,MainResourceServerResponseTime,1.125
http://www.billstromska.fhsk.se/kurser/sommarkurs/keramik/,ConfigureViewport,0.0
http://www.billstromska.fhsk.se/kurser/sommarkurs/keramik/,SPEED,98
http://www.billstromska.fhsk.se/kurser/sommarkurs/keramik/,htmlResponseBytes,82794
http://www.billstromska.fhsk.se/kurser/sommarkurs/keramik/,USABILITY,96
http://www.billstromska.fhsk.se/kurser/sommarkurs/keramik/,numberJsResources,2
http://www.billstromska.fhsk.se/kurser/sommarkurs/keramik/,imageResponseBytes,42330
http://www.billstromska.fhsk.se/kurser/sommarkurs/keramik/,UseLegibleFontSizes,0.0
http://www.billstromska.fhsk.se/kurser/sommarkurs/keramik/,AvoidPlugins,0.0
http://www.billstromska.fhsk.se/kurser/sommarkurs/yllebroderi/,MinifyHTML,0.0
http://www.billstromska.fhsk.se/kurser/sommarkurs/yllebroderi/,EnableGzipCompression,0.0
http://www.billstromska.fhsk.se/kurser/sommarkurs/yllebroderi/,numberHosts,1
http://www.billstromska.fhsk.se/kurser/sommarkurs/yllebroderi/,numberStaticResources,21
http://www.billstromska.fhsk.se/kurser/sommarkurs/yllebroderi/,otherResponseBytes,67820
http://www.billstromska.fhsk.se/kurser/sommarkurs/yllebroderi/,AvoidLandingPageRedirects,0.0
http://www.billstromska.fhsk.se/kurser/sommarkurs/yllebroderi/,MinimizeRenderBlockingResources,0.0
http://www.billstromska.fhsk.se/kurser/sommarkurs/yllebroderi/,OptimizeImages,0.2308
http://www.billstromska.fhsk.se/kurser/sommarkurs/yllebroderi/,totalRequestBytes,2406
http://www.billstromska.fhsk.se/kurser/sommarkurs/yllebroderi/,javascriptResponseBytes,345026
http://www.billstromska.fhsk.se/kurser/sommarkurs/yllebroderi/,MinifyJavaScript,0.0
http://www.billstromska.fhsk.se/kurser/sommarkurs/yllebroderi/,SizeTapTargetsAppropriately,2.8009259259259265
http://www.billstromska.fhsk.se/kurser/sommarkurs/yllebroderi/,numberResources,24
http://www.billstromska.fhsk.se/kurser/sommarkurs/yllebroderi/,MinifyCss,0.0
http://www.billstromska.fhsk.se/kurser/sommarkurs/yllebroderi/,LeverageBrowserCaching,0.0
http://www.billstromska.fhsk.se/kurser/sommarkurs/yllebroderi/,SizeContentToViewport,0.0
http://www.billstromska.fhsk.se/kurser/sommarkurs/yllebroderi/,cssResponseBytes,123670
http://www.billstromska.fhsk.se/kurser/sommarkurs/yllebroderi/,numberCssResources,2
http://www.billstromska.fhsk.se/kurser/sommarkurs/yllebroderi/,PrioritizeVisibleContent,8.0
http://www.billstromska.fhsk.se/kurser/sommarkurs/yllebroderi/,MainResourceServerResponseTime,0.0
http://www.billstromska.fhsk.se/kurser/sommarkurs/yllebroderi/,ConfigureViewport,0.0
http://www.billstromska.fhsk.se/kurser/sommarkurs/yllebroderi/,SPEED,91
http://www.billstromska.fhsk.se/kurser/sommarkurs/yllebroderi/,htmlResponseBytes,84117
http://www.billstromska.fhsk.se/kurser/sommarkurs/yllebroderi/,USABILITY,96
http://www.billstromska.fhsk.se/kurser/sommarkurs/yllebroderi/,numberJsResources,2
http://www.billstromska.fhsk.se/kurser/sommarkurs/yllebroderi/,imageResponseBytes,156936
http://www.billstromska.fhsk.se/kurser/sommarkurs/yllebroderi/,UseLegibleFontSizes,0.0
http://www.billstromska.fhsk.se/kurser/sommarkurs/yllebroderi/,AvoidPlugins,0.0
http://www.billstromska.fhsk.se/studerande/lasarstider/,MinifyHTML,0.0
http://www.billstromska.fhsk.se/studerande/lasarstider/,EnableGzipCompression,0.0
http://www.billstromska.fhsk.se/studerande/lasarstider/,numberHosts,1
http://www.billstromska.fhsk.se/studerande/lasarstider/,numberStaticResources,20
http://www.billstromska.fhsk.se/studerande/lasarstider/,otherResponseBytes,67820
http://www.billstromska.fhsk.se/studerande/lasarstider/,AvoidLandingPageRedirects,0.0
http://www.billstromska.fhsk.se/studerande/lasarstider/,MinimizeRenderBlockingResources,0.0
http://www.billstromska.fhsk.se/studerande/lasarstider/,OptimizeImages,0.2308
http://www.billstromska.fhsk.se/studerande/lasarstider/,totalRequestBytes,2249
http://www.billstromska.fhsk.se/studerande/lasarstider/,javascriptResponseBytes,345026
http://www.billstromska.fhsk.se/studerande/lasarstider/,MinifyJavaScript,0.0
http://www.billstromska.fhsk.se/studerande/lasarstider/,SizeTapTargetsAppropriately,3.140138408304499
http://www.billstromska.fhsk.se/studerande/lasarstider/,numberResources,23
http://www.billstromska.fhsk.se/studerande/lasarstider/,MinifyCss,0.0
http://www.billstromska.fhsk.se/studerande/lasarstider/,LeverageBrowserCaching,0.0
http://www.billstromska.fhsk.se/studerande/lasarstider/,SizeContentToViewport,0.0
http://www.billstromska.fhsk.se/studerande/lasarstider/,cssResponseBytes,123670
http://www.billstromska.fhsk.se/studerande/lasarstider/,numberCssResources,2
http://www.billstromska.fhsk.se/studerande/lasarstider/,PrioritizeVisibleContent,0.0
http://www.billstromska.fhsk.se/studerande/lasarstider/,MainResourceServerResponseTime,0.0
http://www.billstromska.fhsk.se/studerande/lasarstider/,ConfigureViewport,0.0
http://www.billstromska.fhsk.se/studerande/lasarstider/,SPEED,99
http://www.billstromska.fhsk.se/studerande/lasarstider/,htmlResponseBytes,78261
http://www.billstromska.fhsk.se/studerande/lasarstider/,USABILITY,96
http://www.billstromska.fhsk.se/studerande/lasarstider/,numberJsResources,2
http://www.billstromska.fhsk.se/studerande/lasarstider/,imageResponseBytes,42330
http://www.billstromska.fhsk.se/studerande/lasarstider/,UseLegibleFontSizes,0.0
http://www.billstromska.fhsk.se/studerande/lasarstider/,AvoidPlugins,0.0
http://www.billstromska.fhsk.se/studerande/studeranderatt/,MinifyHTML,0.0
http://www.billstromska.fhsk.se/studerande/studeranderatt/,EnableGzipCompression,0.0
http://www.billstromska.fhsk.se/studerande/studeranderatt/,numberHosts,1
http://www.billstromska.fhsk.se/studerande/studeranderatt/,numberStaticResources,20
http://www.billstromska.fhsk.se/studerande/studeranderatt/,otherResponseBytes,67820
http://www.billstromska.fhsk.se/studerande/studeranderatt/,AvoidLandingPageRedirects,0.0
http://www.billstromska.fhsk.se/studerande/studeranderatt/,MinimizeRenderBlockingResources,0.0
http://www.billstromska.fhsk.se/studerande/studeranderatt/,OptimizeImages,0.2308
http://www.billstromska.fhsk.se/studerande/studeranderatt/,totalRequestBytes,2252
http://www.billstromska.fhsk.se/studerande/studeranderatt/,javascriptResponseBytes,345026
http://www.billstromska.fhsk.se/studerande/studeranderatt/,MinifyJavaScript,0.0
http://www.billstromska.fhsk.se/studerande/studeranderatt/,SizeTapTargetsAppropriately,2.963265306122449
http://www.billstromska.fhsk.se/studerande/studeranderatt/,numberResources,23
http://www.billstromska.fhsk.se/studerande/studeranderatt/,MinifyCss,0.0
http://www.billstromska.fhsk.se/studerande/studeranderatt/,LeverageBrowserCaching,0.0
http://www.billstromska.fhsk.se/studerande/studeranderatt/,SizeContentToViewport,0.0
http://www.billstromska.fhsk.se/studerande/studeranderatt/,cssResponseBytes,123670
http://www.billstromska.fhsk.se/studerande/studeranderatt/,numberCssResources,2
http://www.billstromska.fhsk.se/studerande/studeranderatt/,PrioritizeVisibleContent,0.0
http://www.billstromska.fhsk.se/studerande/studeranderatt/,MainResourceServerResponseTime,0.0
http://www.billstromska.fhsk.se/studerande/studeranderatt/,ConfigureViewport,0.0
http://www.billstromska.fhsk.se/studerande/studeranderatt/,SPEED,99
http://www.billstromska.fhsk.se/studerande/studeranderatt/,htmlResponseBytes,80004
http://www.billstromska.fhsk.se/studerande/studeranderatt/,USABILITY,96
http://www.billstromska.fhsk.se/studerande/studeranderatt/,numberJsResources,2
http://www.billstromska.fhsk.se/studerande/studeranderatt/,imageResponseBytes,42330
http://www.billstromska.fhsk.se/studerande/studeranderatt/,UseLegibleFontSizes,0.0
http://www.billstromska.fhsk.se/studerande/studeranderatt/,AvoidPlugins,0.0
http://www.billstromska.fhsk.se/kurser/de-ungas-ratt/,MinifyHTML,0.0
http://www.billstromska.fhsk.se/kurser/de-ungas-ratt/,EnableGzipCompression,0.0
http://www.billstromska.fhsk.se/kurser/de-ungas-ratt/,numberHosts,1
http://www.billstromska.fhsk.se/kurser/de-ungas-ratt/,numberStaticResources,35
http://www.billstromska.fhsk.se/kurser/de-ungas-ratt/,otherResponseBytes,67820
http://www.billstromska.fhsk.se/kurser/de-ungas-ratt/,AvoidLandingPageRedirects,0.0
http://www.billstromska.fhsk.se/kurser/de-ungas-ratt/,MinimizeRenderBlockingResources,0.0
http://www.billstromska.fhsk.se/kurser/de-ungas-ratt/,OptimizeImages,0.2308
http://www.billstromska.fhsk.se/kurser/de-ungas-ratt/,totalRequestBytes,3965
http://www.billstromska.fhsk.se/kurser/de-ungas-ratt/,javascriptResponseBytes,345026
http://www.billstromska.fhsk.se/kurser/de-ungas-ratt/,MinifyJavaScript,0.0
http://www.billstromska.fhsk.se/kurser/de-ungas-ratt/,SizeTapTargetsAppropriately,2.386587771203156
http://www.billstromska.fhsk.se/kurser/de-ungas-ratt/,numberResources,38
http://www.billstromska.fhsk.se/kurser/de-ungas-ratt/,MinifyCss,0.0
http://www.billstromska.fhsk.se/kurser/de-ungas-ratt/,LeverageBrowserCaching,0.0
http://www.billstromska.fhsk.se/kurser/de-ungas-ratt/,SizeContentToViewport,0.0
http://www.billstromska.fhsk.se/kurser/de-ungas-ratt/,cssResponseBytes,123670
http://www.billstromska.fhsk.se/kurser/de-ungas-ratt/,numberCssResources,2
http://www.billstromska.fhsk.se/kurser/de-ungas-ratt/,PrioritizeVisibleContent,8.0
http://www.billstromska.fhsk.se/kurser/de-ungas-ratt/,MainResourceServerResponseTime,0.0
http://www.billstromska.fhsk.se/kurser/de-ungas-ratt/,ConfigureViewport,0.0
http://www.billstromska.fhsk.se/kurser/de-ungas-ratt/,SPEED,91
http://www.billstromska.fhsk.se/kurser/de-ungas-ratt/,htmlResponseBytes,117474
http://www.billstromska.fhsk.se/kurser/de-ungas-ratt/,USABILITY,97
http://www.billstromska.fhsk.se/kurser/de-ungas-ratt/,numberJsResources,2
http://www.billstromska.fhsk.se/kurser/de-ungas-ratt/,imageResponseBytes,859964
http://www.billstromska.fhsk.se/kurser/de-ungas-ratt/,UseLegibleFontSizes,0.0
http://www.billstromska.fhsk.se/kurser/de-ungas-ratt/,AvoidPlugins,0.0
http://www.billstromska.fhsk.se/ansokan/,MinifyHTML,0.0
http://www.billstromska.fhsk.se/ansokan/,EnableGzipCompression,0.0
http://www.billstromska.fhsk.se/ansokan/,numberHosts,1
http://www.billstromska.fhsk.se/ansokan/,numberStaticResources,20
http://www.billstromska.fhsk.se/ansokan/,otherResponseBytes,67820
http://www.billstromska.fhsk.se/ansokan/,AvoidLandingPageRedirects,0.0
http://www.billstromska.fhsk.se/ansokan/,MinimizeRenderBlockingResources,0.0
http://www.billstromska.fhsk.se/ansokan/,OptimizeImages,0.2308
http://www.billstromska.fhsk.se/ansokan/,totalRequestBytes,2234
http://www.billstromska.fhsk.se/ansokan/,javascriptResponseBytes,345026
http://www.billstromska.fhsk.se/ansokan/,MinifyJavaScript,0.0
http://www.billstromska.fhsk.se/ansokan/,SizeTapTargetsAppropriately,2.6515704894083276
http://www.billstromska.fhsk.se/ansokan/,numberResources,23
http://www.billstromska.fhsk.se/ansokan/,MinifyCss,0.0
http://www.billstromska.fhsk.se/ansokan/,LeverageBrowserCaching,0.0
http://www.billstromska.fhsk.se/ansokan/,SizeContentToViewport,0.0
http://www.billstromska.fhsk.se/ansokan/,cssResponseBytes,123670
http://www.billstromska.fhsk.se/ansokan/,numberCssResources,2
http://www.billstromska.fhsk.se/ansokan/,PrioritizeVisibleContent,0.0
http://www.billstromska.fhsk.se/ansokan/,MainResourceServerResponseTime,0.675
http://www.billstromska.fhsk.se/ansokan/,ConfigureViewport,0.0
http://www.billstromska.fhsk.se/ansokan/,SPEED,98
http://www.billstromska.fhsk.se/ansokan/,htmlResponseBytes,77903
http://www.billstromska.fhsk.se/ansokan/,USABILITY,96
http://www.billstromska.fhsk.se/ansokan/,numberJsResources,2
http://www.billstromska.fhsk.se/ansokan/,imageResponseBytes,42330
http://www.billstromska.fhsk.se/ansokan/,UseLegibleFontSizes,0.0
http://www.billstromska.fhsk.se/ansokan/,AvoidPlugins,0.0
