http://www.fristads.fhsk.se/skolan/matsedel/vecka-21/,MinifyHTML,0.0
http://www.fristads.fhsk.se/skolan/matsedel/vecka-21/,EnableGzipCompression,0.0
http://www.fristads.fhsk.se/skolan/matsedel/vecka-21/,numberHosts,2
http://www.fristads.fhsk.se/skolan/matsedel/vecka-21/,numberStaticResources,21
http://www.fristads.fhsk.se/skolan/matsedel/vecka-21/,otherResponseBytes,67820
http://www.fristads.fhsk.se/skolan/matsedel/vecka-21/,AvoidLandingPageRedirects,0.0
http://www.fristads.fhsk.se/skolan/matsedel/vecka-21/,MinimizeRenderBlockingResources,0.0
http://www.fristads.fhsk.se/skolan/matsedel/vecka-21/,OptimizeImages,0.2308
http://www.fristads.fhsk.se/skolan/matsedel/vecka-21/,totalRequestBytes,2928
http://www.fristads.fhsk.se/skolan/matsedel/vecka-21/,javascriptResponseBytes,407530
http://www.fristads.fhsk.se/skolan/matsedel/vecka-21/,MinifyJavaScript,0.0
http://www.fristads.fhsk.se/skolan/matsedel/vecka-21/,SizeTapTargetsAppropriately,3.5110803324099726
http://www.fristads.fhsk.se/skolan/matsedel/vecka-21/,numberResources,26
http://www.fristads.fhsk.se/skolan/matsedel/vecka-21/,MinifyCss,0.0
http://www.fristads.fhsk.se/skolan/matsedel/vecka-21/,LeverageBrowserCaching,0.75
http://www.fristads.fhsk.se/skolan/matsedel/vecka-21/,SizeContentToViewport,0.0
http://www.fristads.fhsk.se/skolan/matsedel/vecka-21/,cssResponseBytes,123670
http://www.fristads.fhsk.se/skolan/matsedel/vecka-21/,numberCssResources,2
http://www.fristads.fhsk.se/skolan/matsedel/vecka-21/,PrioritizeVisibleContent,0.0
http://www.fristads.fhsk.se/skolan/matsedel/vecka-21/,MainResourceServerResponseTime,1.995
http://www.fristads.fhsk.se/skolan/matsedel/vecka-21/,ConfigureViewport,0.0
http://www.fristads.fhsk.se/skolan/matsedel/vecka-21/,SPEED,96
http://www.fristads.fhsk.se/skolan/matsedel/vecka-21/,htmlResponseBytes,100171
http://www.fristads.fhsk.se/skolan/matsedel/vecka-21/,USABILITY,96
http://www.fristads.fhsk.se/skolan/matsedel/vecka-21/,numberJsResources,3
http://www.fristads.fhsk.se/skolan/matsedel/vecka-21/,imageResponseBytes,42792
http://www.fristads.fhsk.se/skolan/matsedel/vecka-21/,UseLegibleFontSizes,0.0
http://www.fristads.fhsk.se/skolan/matsedel/vecka-21/,AvoidPlugins,0.0
http://www.fristads.fhsk.se/kurser/foodmaker/,MinifyHTML,0.0
http://www.fristads.fhsk.se/kurser/foodmaker/,EnableGzipCompression,0.0
http://www.fristads.fhsk.se/kurser/foodmaker/,numberHosts,2
http://www.fristads.fhsk.se/kurser/foodmaker/,numberStaticResources,21
http://www.fristads.fhsk.se/kurser/foodmaker/,otherResponseBytes,67820
http://www.fristads.fhsk.se/kurser/foodmaker/,AvoidLandingPageRedirects,0.0
http://www.fristads.fhsk.se/kurser/foodmaker/,MinimizeRenderBlockingResources,0.0
http://www.fristads.fhsk.se/kurser/foodmaker/,OptimizeImages,0.2308
http://www.fristads.fhsk.se/kurser/foodmaker/,totalRequestBytes,2922
http://www.fristads.fhsk.se/kurser/foodmaker/,javascriptResponseBytes,407530
http://www.fristads.fhsk.se/kurser/foodmaker/,MinifyJavaScript,0.0
http://www.fristads.fhsk.se/kurser/foodmaker/,SizeTapTargetsAppropriately,3.16875
http://www.fristads.fhsk.se/kurser/foodmaker/,numberResources,26
http://www.fristads.fhsk.se/kurser/foodmaker/,MinifyCss,0.0
http://www.fristads.fhsk.se/kurser/foodmaker/,LeverageBrowserCaching,0.75
http://www.fristads.fhsk.se/kurser/foodmaker/,SizeContentToViewport,0.0
http://www.fristads.fhsk.se/kurser/foodmaker/,cssResponseBytes,123670
http://www.fristads.fhsk.se/kurser/foodmaker/,numberCssResources,2
http://www.fristads.fhsk.se/kurser/foodmaker/,PrioritizeVisibleContent,0.0
http://www.fristads.fhsk.se/kurser/foodmaker/,MainResourceServerResponseTime,1.785
http://www.fristads.fhsk.se/kurser/foodmaker/,ConfigureViewport,0.0
http://www.fristads.fhsk.se/kurser/foodmaker/,SPEED,96
http://www.fristads.fhsk.se/kurser/foodmaker/,htmlResponseBytes,106552
http://www.fristads.fhsk.se/kurser/foodmaker/,USABILITY,96
http://www.fristads.fhsk.se/kurser/foodmaker/,numberJsResources,3
http://www.fristads.fhsk.se/kurser/foodmaker/,imageResponseBytes,42792
http://www.fristads.fhsk.se/kurser/foodmaker/,UseLegibleFontSizes,0.0
http://www.fristads.fhsk.se/kurser/foodmaker/,AvoidPlugins,0.0
http://www.fristads.fhsk.se/kurser/vaxa/,MinifyHTML,0.0
http://www.fristads.fhsk.se/kurser/vaxa/,EnableGzipCompression,0.0
http://www.fristads.fhsk.se/kurser/vaxa/,numberHosts,13
http://www.fristads.fhsk.se/kurser/vaxa/,numberStaticResources,34
http://www.fristads.fhsk.se/kurser/vaxa/,otherResponseBytes,99408
http://www.fristads.fhsk.se/kurser/vaxa/,AvoidLandingPageRedirects,0.0
http://www.fristads.fhsk.se/kurser/vaxa/,MinimizeRenderBlockingResources,0.0
http://www.fristads.fhsk.se/kurser/vaxa/,OptimizeImages,0.2308
http://www.fristads.fhsk.se/kurser/vaxa/,totalRequestBytes,9976
http://www.fristads.fhsk.se/kurser/vaxa/,javascriptResponseBytes,671970
http://www.fristads.fhsk.se/kurser/vaxa/,MinifyJavaScript,0.0
http://www.fristads.fhsk.se/kurser/vaxa/,SizeTapTargetsAppropriately,3.580165289256198
http://www.fristads.fhsk.se/kurser/vaxa/,numberResources,55
http://www.fristads.fhsk.se/kurser/vaxa/,MinifyCss,0.0
http://www.fristads.fhsk.se/kurser/vaxa/,LeverageBrowserCaching,2.0
http://www.fristads.fhsk.se/kurser/vaxa/,SizeContentToViewport,0.0
http://www.fristads.fhsk.se/kurser/vaxa/,cssResponseBytes,176804
http://www.fristads.fhsk.se/kurser/vaxa/,numberCssResources,4
http://www.fristads.fhsk.se/kurser/vaxa/,PrioritizeVisibleContent,8.0
http://www.fristads.fhsk.se/kurser/vaxa/,MainResourceServerResponseTime,1.905
http://www.fristads.fhsk.se/kurser/vaxa/,ConfigureViewport,0.0
http://www.fristads.fhsk.se/kurser/vaxa/,SPEED,88
http://www.fristads.fhsk.se/kurser/vaxa/,htmlResponseBytes,185098
http://www.fristads.fhsk.se/kurser/vaxa/,USABILITY,95
http://www.fristads.fhsk.se/kurser/vaxa/,numberJsResources,10
http://www.fristads.fhsk.se/kurser/vaxa/,imageResponseBytes,145150
http://www.fristads.fhsk.se/kurser/vaxa/,UseLegibleFontSizes,0.0
http://www.fristads.fhsk.se/kurser/vaxa/,AvoidPlugins,0.0
http://www.fristads.fhsk.se/kurser/vavkurser/pabyggnadskurs/,MinifyHTML,0.0
http://www.fristads.fhsk.se/kurser/vavkurser/pabyggnadskurs/,EnableGzipCompression,0.0
http://www.fristads.fhsk.se/kurser/vavkurser/pabyggnadskurs/,numberHosts,2
http://www.fristads.fhsk.se/kurser/vavkurser/pabyggnadskurs/,numberStaticResources,23
http://www.fristads.fhsk.se/kurser/vavkurser/pabyggnadskurs/,otherResponseBytes,67820
http://www.fristads.fhsk.se/kurser/vavkurser/pabyggnadskurs/,AvoidLandingPageRedirects,0.0
http://www.fristads.fhsk.se/kurser/vavkurser/pabyggnadskurs/,MinimizeRenderBlockingResources,0.0
http://www.fristads.fhsk.se/kurser/vavkurser/pabyggnadskurs/,OptimizeImages,0.2308
http://www.fristads.fhsk.se/kurser/vavkurser/pabyggnadskurs/,totalRequestBytes,3130
http://www.fristads.fhsk.se/kurser/vavkurser/pabyggnadskurs/,javascriptResponseBytes,407530
http://www.fristads.fhsk.se/kurser/vavkurser/pabyggnadskurs/,MinifyJavaScript,0.0
http://www.fristads.fhsk.se/kurser/vavkurser/pabyggnadskurs/,SizeTapTargetsAppropriately,2.618801652892562
http://www.fristads.fhsk.se/kurser/vavkurser/pabyggnadskurs/,numberResources,28
http://www.fristads.fhsk.se/kurser/vavkurser/pabyggnadskurs/,MinifyCss,0.0
http://www.fristads.fhsk.se/kurser/vavkurser/pabyggnadskurs/,LeverageBrowserCaching,0.75
http://www.fristads.fhsk.se/kurser/vavkurser/pabyggnadskurs/,SizeContentToViewport,0.0
http://www.fristads.fhsk.se/kurser/vavkurser/pabyggnadskurs/,cssResponseBytes,123670
http://www.fristads.fhsk.se/kurser/vavkurser/pabyggnadskurs/,numberCssResources,2
http://www.fristads.fhsk.se/kurser/vavkurser/pabyggnadskurs/,PrioritizeVisibleContent,0.0
http://www.fristads.fhsk.se/kurser/vavkurser/pabyggnadskurs/,MainResourceServerResponseTime,0.0
http://www.fristads.fhsk.se/kurser/vavkurser/pabyggnadskurs/,ConfigureViewport,0.0
http://www.fristads.fhsk.se/kurser/vavkurser/pabyggnadskurs/,SPEED,98
http://www.fristads.fhsk.se/kurser/vavkurser/pabyggnadskurs/,htmlResponseBytes,110952
http://www.fristads.fhsk.se/kurser/vavkurser/pabyggnadskurs/,USABILITY,97
http://www.fristads.fhsk.se/kurser/vavkurser/pabyggnadskurs/,numberJsResources,3
http://www.fristads.fhsk.se/kurser/vavkurser/pabyggnadskurs/,imageResponseBytes,44066
http://www.fristads.fhsk.se/kurser/vavkurser/pabyggnadskurs/,UseLegibleFontSizes,0.0
http://www.fristads.fhsk.se/kurser/vavkurser/pabyggnadskurs/,AvoidPlugins,0.0
http://www.fristads.fhsk.se/kurser/vavkurser/grundkurs/,MinifyHTML,0.0
http://www.fristads.fhsk.se/kurser/vavkurser/grundkurs/,EnableGzipCompression,0.0
http://www.fristads.fhsk.se/kurser/vavkurser/grundkurs/,numberHosts,9
http://www.fristads.fhsk.se/kurser/vavkurser/grundkurs/,numberStaticResources,29
http://www.fristads.fhsk.se/kurser/vavkurser/grundkurs/,otherResponseBytes,88930
http://www.fristads.fhsk.se/kurser/vavkurser/grundkurs/,AvoidLandingPageRedirects,0.0
http://www.fristads.fhsk.se/kurser/vavkurser/grundkurs/,MinimizeRenderBlockingResources,0.0
http://www.fristads.fhsk.se/kurser/vavkurser/grundkurs/,OptimizeImages,0.2308
http://www.fristads.fhsk.se/kurser/vavkurser/grundkurs/,totalRequestBytes,5098
http://www.fristads.fhsk.se/kurser/vavkurser/grundkurs/,javascriptResponseBytes,1732263
http://www.fristads.fhsk.se/kurser/vavkurser/grundkurs/,MinifyJavaScript,0.0
http://www.fristads.fhsk.se/kurser/vavkurser/grundkurs/,SizeTapTargetsAppropriately,2.111620158267389
http://www.fristads.fhsk.se/kurser/vavkurser/grundkurs/,numberResources,39
http://www.fristads.fhsk.se/kurser/vavkurser/grundkurs/,MinifyCss,0.0
http://www.fristads.fhsk.se/kurser/vavkurser/grundkurs/,LeverageBrowserCaching,1.484375
http://www.fristads.fhsk.se/kurser/vavkurser/grundkurs/,SizeContentToViewport,0.0
http://www.fristads.fhsk.se/kurser/vavkurser/grundkurs/,cssResponseBytes,384747
http://www.fristads.fhsk.se/kurser/vavkurser/grundkurs/,numberCssResources,3
http://www.fristads.fhsk.se/kurser/vavkurser/grundkurs/,PrioritizeVisibleContent,0.0
http://www.fristads.fhsk.se/kurser/vavkurser/grundkurs/,MainResourceServerResponseTime,2.325
http://www.fristads.fhsk.se/kurser/vavkurser/grundkurs/,ConfigureViewport,0.0
http://www.fristads.fhsk.se/kurser/vavkurser/grundkurs/,SPEED,95
http://www.fristads.fhsk.se/kurser/vavkurser/grundkurs/,htmlResponseBytes,135291
http://www.fristads.fhsk.se/kurser/vavkurser/grundkurs/,USABILITY,97
http://www.fristads.fhsk.se/kurser/vavkurser/grundkurs/,numberJsResources,8
http://www.fristads.fhsk.se/kurser/vavkurser/grundkurs/,imageResponseBytes,88273
http://www.fristads.fhsk.se/kurser/vavkurser/grundkurs/,UseLegibleFontSizes,0.0
http://www.fristads.fhsk.se/kurser/vavkurser/grundkurs/,AvoidPlugins,0.0
http://www.fristads.fhsk.se/kurser/vavkurser/vav-ma-val/,MinifyHTML,0.0
http://www.fristads.fhsk.se/kurser/vavkurser/vav-ma-val/,EnableGzipCompression,0.0
http://www.fristads.fhsk.se/kurser/vavkurser/vav-ma-val/,numberHosts,2
http://www.fristads.fhsk.se/kurser/vavkurser/vav-ma-val/,numberStaticResources,23
http://www.fristads.fhsk.se/kurser/vavkurser/vav-ma-val/,otherResponseBytes,67820
http://www.fristads.fhsk.se/kurser/vavkurser/vav-ma-val/,AvoidLandingPageRedirects,0.0
http://www.fristads.fhsk.se/kurser/vavkurser/vav-ma-val/,MinimizeRenderBlockingResources,0.0
http://www.fristads.fhsk.se/kurser/vavkurser/vav-ma-val/,OptimizeImages,0.2308
http://www.fristads.fhsk.se/kurser/vavkurser/vav-ma-val/,totalRequestBytes,3138
http://www.fristads.fhsk.se/kurser/vavkurser/vav-ma-val/,javascriptResponseBytes,407530
http://www.fristads.fhsk.se/kurser/vavkurser/vav-ma-val/,MinifyJavaScript,0.0
http://www.fristads.fhsk.se/kurser/vavkurser/vav-ma-val/,SizeTapTargetsAppropriately,2.618801652892562
http://www.fristads.fhsk.se/kurser/vavkurser/vav-ma-val/,numberResources,28
http://www.fristads.fhsk.se/kurser/vavkurser/vav-ma-val/,MinifyCss,0.0
http://www.fristads.fhsk.se/kurser/vavkurser/vav-ma-val/,LeverageBrowserCaching,0.75
http://www.fristads.fhsk.se/kurser/vavkurser/vav-ma-val/,SizeContentToViewport,0.0
http://www.fristads.fhsk.se/kurser/vavkurser/vav-ma-val/,cssResponseBytes,123670
http://www.fristads.fhsk.se/kurser/vavkurser/vav-ma-val/,numberCssResources,2
http://www.fristads.fhsk.se/kurser/vavkurser/vav-ma-val/,PrioritizeVisibleContent,0.0
http://www.fristads.fhsk.se/kurser/vavkurser/vav-ma-val/,MainResourceServerResponseTime,0.0
http://www.fristads.fhsk.se/kurser/vavkurser/vav-ma-val/,ConfigureViewport,0.0
http://www.fristads.fhsk.se/kurser/vavkurser/vav-ma-val/,SPEED,98
http://www.fristads.fhsk.se/kurser/vavkurser/vav-ma-val/,htmlResponseBytes,110422
http://www.fristads.fhsk.se/kurser/vavkurser/vav-ma-val/,USABILITY,97
http://www.fristads.fhsk.se/kurser/vavkurser/vav-ma-val/,numberJsResources,3
http://www.fristads.fhsk.se/kurser/vavkurser/vav-ma-val/,imageResponseBytes,44066
http://www.fristads.fhsk.se/kurser/vavkurser/vav-ma-val/,UseLegibleFontSizes,0.0
http://www.fristads.fhsk.se/kurser/vavkurser/vav-ma-val/,AvoidPlugins,0.0
http://www.fristads.fhsk.se/,MinifyHTML,0.0
http://www.fristads.fhsk.se/,EnableGzipCompression,0.0
http://www.fristads.fhsk.se/,numberHosts,2
http://www.fristads.fhsk.se/,numberStaticResources,28
http://www.fristads.fhsk.se/,otherResponseBytes,67820
http://www.fristads.fhsk.se/,AvoidLandingPageRedirects,0.0
http://www.fristads.fhsk.se/,MinimizeRenderBlockingResources,0.0
http://www.fristads.fhsk.se/,OptimizeImages,22.8444
http://www.fristads.fhsk.se/,totalRequestBytes,4398
http://www.fristads.fhsk.se/,javascriptResponseBytes,407530
http://www.fristads.fhsk.se/,MinifyJavaScript,0.0
http://www.fristads.fhsk.se/,SizeTapTargetsAppropriately,2.618801652892562
http://www.fristads.fhsk.se/,numberResources,33
http://www.fristads.fhsk.se/,MinifyCss,0.0
http://www.fristads.fhsk.se/,LeverageBrowserCaching,0.75
http://www.fristads.fhsk.se/,SizeContentToViewport,0.0
http://www.fristads.fhsk.se/,cssResponseBytes,123670
http://www.fristads.fhsk.se/,numberCssResources,2
http://www.fristads.fhsk.se/,PrioritizeVisibleContent,0.0
http://www.fristads.fhsk.se/,MainResourceServerResponseTime,2.085
http://www.fristads.fhsk.se/,ConfigureViewport,0.0
http://www.fristads.fhsk.se/,SPEED,79
http://www.fristads.fhsk.se/,htmlResponseBytes,126997
http://www.fristads.fhsk.se/,USABILITY,97
http://www.fristads.fhsk.se/,numberJsResources,3
http://www.fristads.fhsk.se/,imageResponseBytes,1651204
http://www.fristads.fhsk.se/,UseLegibleFontSizes,0.0
http://www.fristads.fhsk.se/,AvoidPlugins,0.0
http://www.fristads.fhsk.se/skolan/matsedel/,MinifyHTML,0.0
http://www.fristads.fhsk.se/skolan/matsedel/,EnableGzipCompression,0.0
http://www.fristads.fhsk.se/skolan/matsedel/,numberHosts,2
http://www.fristads.fhsk.se/skolan/matsedel/,numberStaticResources,20
http://www.fristads.fhsk.se/skolan/matsedel/,otherResponseBytes,67820
http://www.fristads.fhsk.se/skolan/matsedel/,AvoidLandingPageRedirects,0.0
http://www.fristads.fhsk.se/skolan/matsedel/,MinimizeRenderBlockingResources,0.0
http://www.fristads.fhsk.se/skolan/matsedel/,OptimizeImages,0.2308
http://www.fristads.fhsk.se/skolan/matsedel/,totalRequestBytes,2813
http://www.fristads.fhsk.se/skolan/matsedel/,javascriptResponseBytes,407530
http://www.fristads.fhsk.se/skolan/matsedel/,MinifyJavaScript,0.0
http://www.fristads.fhsk.se/skolan/matsedel/,SizeTapTargetsAppropriately,3.5110803324099726
http://www.fristads.fhsk.se/skolan/matsedel/,numberResources,25
http://www.fristads.fhsk.se/skolan/matsedel/,MinifyCss,0.0
http://www.fristads.fhsk.se/skolan/matsedel/,LeverageBrowserCaching,0.75
http://www.fristads.fhsk.se/skolan/matsedel/,SizeContentToViewport,0.0
http://www.fristads.fhsk.se/skolan/matsedel/,cssResponseBytes,123670
http://www.fristads.fhsk.se/skolan/matsedel/,numberCssResources,2
http://www.fristads.fhsk.se/skolan/matsedel/,PrioritizeVisibleContent,0.0
http://www.fristads.fhsk.se/skolan/matsedel/,MainResourceServerResponseTime,0.0
http://www.fristads.fhsk.se/skolan/matsedel/,ConfigureViewport,0.0
http://www.fristads.fhsk.se/skolan/matsedel/,SPEED,98
http://www.fristads.fhsk.se/skolan/matsedel/,htmlResponseBytes,99860
http://www.fristads.fhsk.se/skolan/matsedel/,USABILITY,96
http://www.fristads.fhsk.se/skolan/matsedel/,numberJsResources,3
http://www.fristads.fhsk.se/skolan/matsedel/,imageResponseBytes,42301
http://www.fristads.fhsk.se/skolan/matsedel/,UseLegibleFontSizes,0.0
http://www.fristads.fhsk.se/skolan/matsedel/,AvoidPlugins,0.0
http://www.fristads.fhsk.se/skolan/matsedel/vecka-20/,MinifyHTML,0.0
http://www.fristads.fhsk.se/skolan/matsedel/vecka-20/,EnableGzipCompression,0.0
http://www.fristads.fhsk.se/skolan/matsedel/vecka-20/,numberHosts,2
http://www.fristads.fhsk.se/skolan/matsedel/vecka-20/,numberStaticResources,21
http://www.fristads.fhsk.se/skolan/matsedel/vecka-20/,otherResponseBytes,67820
http://www.fristads.fhsk.se/skolan/matsedel/vecka-20/,AvoidLandingPageRedirects,0.0
http://www.fristads.fhsk.se/skolan/matsedel/vecka-20/,MinimizeRenderBlockingResources,0.0
http://www.fristads.fhsk.se/skolan/matsedel/vecka-20/,OptimizeImages,0.2308
http://www.fristads.fhsk.se/skolan/matsedel/vecka-20/,totalRequestBytes,2926
http://www.fristads.fhsk.se/skolan/matsedel/vecka-20/,javascriptResponseBytes,407530
http://www.fristads.fhsk.se/skolan/matsedel/vecka-20/,MinifyJavaScript,0.0
http://www.fristads.fhsk.se/skolan/matsedel/vecka-20/,SizeTapTargetsAppropriately,3.5110803324099726
http://www.fristads.fhsk.se/skolan/matsedel/vecka-20/,numberResources,26
http://www.fristads.fhsk.se/skolan/matsedel/vecka-20/,MinifyCss,0.0
http://www.fristads.fhsk.se/skolan/matsedel/vecka-20/,LeverageBrowserCaching,0.75
http://www.fristads.fhsk.se/skolan/matsedel/vecka-20/,SizeContentToViewport,0.0
http://www.fristads.fhsk.se/skolan/matsedel/vecka-20/,cssResponseBytes,123670
http://www.fristads.fhsk.se/skolan/matsedel/vecka-20/,numberCssResources,2
http://www.fristads.fhsk.se/skolan/matsedel/vecka-20/,PrioritizeVisibleContent,0.0
http://www.fristads.fhsk.se/skolan/matsedel/vecka-20/,MainResourceServerResponseTime,0.0
http://www.fristads.fhsk.se/skolan/matsedel/vecka-20/,ConfigureViewport,0.0
http://www.fristads.fhsk.se/skolan/matsedel/vecka-20/,SPEED,98
http://www.fristads.fhsk.se/skolan/matsedel/vecka-20/,htmlResponseBytes,100854
http://www.fristads.fhsk.se/skolan/matsedel/vecka-20/,USABILITY,96
http://www.fristads.fhsk.se/skolan/matsedel/vecka-20/,numberJsResources,3
http://www.fristads.fhsk.se/skolan/matsedel/vecka-20/,imageResponseBytes,42792
http://www.fristads.fhsk.se/skolan/matsedel/vecka-20/,UseLegibleFontSizes,0.0
http://www.fristads.fhsk.se/skolan/matsedel/vecka-20/,AvoidPlugins,0.0
http://www.fristads.fhsk.se/ansokan/,MinifyHTML,0.0
http://www.fristads.fhsk.se/ansokan/,EnableGzipCompression,0.0
http://www.fristads.fhsk.se/ansokan/,numberHosts,2
http://www.fristads.fhsk.se/ansokan/,numberStaticResources,21
http://www.fristads.fhsk.se/ansokan/,otherResponseBytes,67820
http://www.fristads.fhsk.se/ansokan/,AvoidLandingPageRedirects,0.0
http://www.fristads.fhsk.se/ansokan/,MinimizeRenderBlockingResources,0.0
http://www.fristads.fhsk.se/ansokan/,OptimizeImages,0.2308
http://www.fristads.fhsk.se/ansokan/,totalRequestBytes,2871
http://www.fristads.fhsk.se/ansokan/,javascriptResponseBytes,407530
http://www.fristads.fhsk.se/ansokan/,MinifyJavaScript,0.0
http://www.fristads.fhsk.se/ansokan/,SizeTapTargetsAppropriately,1.8049127803488785
http://www.fristads.fhsk.se/ansokan/,numberResources,26
http://www.fristads.fhsk.se/ansokan/,MinifyCss,0.0
http://www.fristads.fhsk.se/ansokan/,LeverageBrowserCaching,0.75
http://www.fristads.fhsk.se/ansokan/,SizeContentToViewport,0.0
http://www.fristads.fhsk.se/ansokan/,cssResponseBytes,123670
http://www.fristads.fhsk.se/ansokan/,numberCssResources,2
http://www.fristads.fhsk.se/ansokan/,PrioritizeVisibleContent,0.0
http://www.fristads.fhsk.se/ansokan/,MainResourceServerResponseTime,0.0
http://www.fristads.fhsk.se/ansokan/,ConfigureViewport,0.0
http://www.fristads.fhsk.se/ansokan/,SPEED,98
http://www.fristads.fhsk.se/ansokan/,htmlResponseBytes,104059
http://www.fristads.fhsk.se/ansokan/,USABILITY,97
http://www.fristads.fhsk.se/ansokan/,numberJsResources,3
http://www.fristads.fhsk.se/ansokan/,imageResponseBytes,42792
http://www.fristads.fhsk.se/ansokan/,UseLegibleFontSizes,0.0
http://www.fristads.fhsk.se/ansokan/,AvoidPlugins,0.0
http://www.fristads.fhsk.se/kurser/sommarkurser/kurs-i-modellbyggedioramabygge-31-juli---4-aug/,MinifyHTML,0.17300000000000001
http://www.fristads.fhsk.se/kurser/sommarkurser/kurs-i-modellbyggedioramabygge-31-juli---4-aug/,EnableGzipCompression,0.0
http://www.fristads.fhsk.se/kurser/sommarkurser/kurs-i-modellbyggedioramabygge-31-juli---4-aug/,numberHosts,2
http://www.fristads.fhsk.se/kurser/sommarkurser/kurs-i-modellbyggedioramabygge-31-juli---4-aug/,numberStaticResources,21
http://www.fristads.fhsk.se/kurser/sommarkurser/kurs-i-modellbyggedioramabygge-31-juli---4-aug/,otherResponseBytes,67820
http://www.fristads.fhsk.se/kurser/sommarkurser/kurs-i-modellbyggedioramabygge-31-juli---4-aug/,AvoidLandingPageRedirects,0.0
http://www.fristads.fhsk.se/kurser/sommarkurser/kurs-i-modellbyggedioramabygge-31-juli---4-aug/,MinimizeRenderBlockingResources,0.0
http://www.fristads.fhsk.se/kurser/sommarkurser/kurs-i-modellbyggedioramabygge-31-juli---4-aug/,OptimizeImages,0.2308
http://www.fristads.fhsk.se/kurser/sommarkurser/kurs-i-modellbyggedioramabygge-31-juli---4-aug/,totalRequestBytes,3156
http://www.fristads.fhsk.se/kurser/sommarkurser/kurs-i-modellbyggedioramabygge-31-juli---4-aug/,javascriptResponseBytes,407530
http://www.fristads.fhsk.se/kurser/sommarkurser/kurs-i-modellbyggedioramabygge-31-juli---4-aug/,MinifyJavaScript,0.0
http://www.fristads.fhsk.se/kurser/sommarkurser/kurs-i-modellbyggedioramabygge-31-juli---4-aug/,SizeTapTargetsAppropriately,3.5110803324099726
http://www.fristads.fhsk.se/kurser/sommarkurser/kurs-i-modellbyggedioramabygge-31-juli---4-aug/,numberResources,26
http://www.fristads.fhsk.se/kurser/sommarkurser/kurs-i-modellbyggedioramabygge-31-juli---4-aug/,MinifyCss,0.0
http://www.fristads.fhsk.se/kurser/sommarkurser/kurs-i-modellbyggedioramabygge-31-juli---4-aug/,LeverageBrowserCaching,0.75
http://www.fristads.fhsk.se/kurser/sommarkurser/kurs-i-modellbyggedioramabygge-31-juli---4-aug/,SizeContentToViewport,0.0
http://www.fristads.fhsk.se/kurser/sommarkurser/kurs-i-modellbyggedioramabygge-31-juli---4-aug/,cssResponseBytes,123670
http://www.fristads.fhsk.se/kurser/sommarkurser/kurs-i-modellbyggedioramabygge-31-juli---4-aug/,numberCssResources,2
http://www.fristads.fhsk.se/kurser/sommarkurser/kurs-i-modellbyggedioramabygge-31-juli---4-aug/,PrioritizeVisibleContent,0.0
http://www.fristads.fhsk.se/kurser/sommarkurser/kurs-i-modellbyggedioramabygge-31-juli---4-aug/,MainResourceServerResponseTime,0.0
http://www.fristads.fhsk.se/kurser/sommarkurser/kurs-i-modellbyggedioramabygge-31-juli---4-aug/,ConfigureViewport,0.0
http://www.fristads.fhsk.se/kurser/sommarkurser/kurs-i-modellbyggedioramabygge-31-juli---4-aug/,SPEED,98
http://www.fristads.fhsk.se/kurser/sommarkurser/kurs-i-modellbyggedioramabygge-31-juli---4-aug/,htmlResponseBytes,106045
http://www.fristads.fhsk.se/kurser/sommarkurser/kurs-i-modellbyggedioramabygge-31-juli---4-aug/,USABILITY,96
http://www.fristads.fhsk.se/kurser/sommarkurser/kurs-i-modellbyggedioramabygge-31-juli---4-aug/,numberJsResources,3
http://www.fristads.fhsk.se/kurser/sommarkurser/kurs-i-modellbyggedioramabygge-31-juli---4-aug/,imageResponseBytes,42792
http://www.fristads.fhsk.se/kurser/sommarkurser/kurs-i-modellbyggedioramabygge-31-juli---4-aug/,UseLegibleFontSizes,0.0
http://www.fristads.fhsk.se/kurser/sommarkurser/kurs-i-modellbyggedioramabygge-31-juli---4-aug/,AvoidPlugins,0.0
http://www.fristads.fhsk.se/kurser/sommarkurser/testa-pa-friluftsliv-31-juli---2-aug/,MinifyHTML,0.1728
http://www.fristads.fhsk.se/kurser/sommarkurser/testa-pa-friluftsliv-31-juli---2-aug/,EnableGzipCompression,0.0
http://www.fristads.fhsk.se/kurser/sommarkurser/testa-pa-friluftsliv-31-juli---2-aug/,numberHosts,2
http://www.fristads.fhsk.se/kurser/sommarkurser/testa-pa-friluftsliv-31-juli---2-aug/,numberStaticResources,21
http://www.fristads.fhsk.se/kurser/sommarkurser/testa-pa-friluftsliv-31-juli---2-aug/,otherResponseBytes,67820
http://www.fristads.fhsk.se/kurser/sommarkurser/testa-pa-friluftsliv-31-juli---2-aug/,AvoidLandingPageRedirects,0.0
http://www.fristads.fhsk.se/kurser/sommarkurser/testa-pa-friluftsliv-31-juli---2-aug/,MinimizeRenderBlockingResources,0.0
http://www.fristads.fhsk.se/kurser/sommarkurser/testa-pa-friluftsliv-31-juli---2-aug/,OptimizeImages,0.2308
http://www.fristads.fhsk.se/kurser/sommarkurser/testa-pa-friluftsliv-31-juli---2-aug/,totalRequestBytes,3110
http://www.fristads.fhsk.se/kurser/sommarkurser/testa-pa-friluftsliv-31-juli---2-aug/,javascriptResponseBytes,407530
http://www.fristads.fhsk.se/kurser/sommarkurser/testa-pa-friluftsliv-31-juli---2-aug/,MinifyJavaScript,0.0
http://www.fristads.fhsk.se/kurser/sommarkurser/testa-pa-friluftsliv-31-juli---2-aug/,SizeTapTargetsAppropriately,3.5110803324099726
http://www.fristads.fhsk.se/kurser/sommarkurser/testa-pa-friluftsliv-31-juli---2-aug/,numberResources,26
http://www.fristads.fhsk.se/kurser/sommarkurser/testa-pa-friluftsliv-31-juli---2-aug/,MinifyCss,0.0
http://www.fristads.fhsk.se/kurser/sommarkurser/testa-pa-friluftsliv-31-juli---2-aug/,LeverageBrowserCaching,0.75
http://www.fristads.fhsk.se/kurser/sommarkurser/testa-pa-friluftsliv-31-juli---2-aug/,SizeContentToViewport,0.0
http://www.fristads.fhsk.se/kurser/sommarkurser/testa-pa-friluftsliv-31-juli---2-aug/,cssResponseBytes,123670
http://www.fristads.fhsk.se/kurser/sommarkurser/testa-pa-friluftsliv-31-juli---2-aug/,numberCssResources,2
http://www.fristads.fhsk.se/kurser/sommarkurser/testa-pa-friluftsliv-31-juli---2-aug/,PrioritizeVisibleContent,0.0
http://www.fristads.fhsk.se/kurser/sommarkurser/testa-pa-friluftsliv-31-juli---2-aug/,MainResourceServerResponseTime,0.0
http://www.fristads.fhsk.se/kurser/sommarkurser/testa-pa-friluftsliv-31-juli---2-aug/,ConfigureViewport,0.0
http://www.fristads.fhsk.se/kurser/sommarkurser/testa-pa-friluftsliv-31-juli---2-aug/,SPEED,98
http://www.fristads.fhsk.se/kurser/sommarkurser/testa-pa-friluftsliv-31-juli---2-aug/,htmlResponseBytes,105820
http://www.fristads.fhsk.se/kurser/sommarkurser/testa-pa-friluftsliv-31-juli---2-aug/,USABILITY,96
http://www.fristads.fhsk.se/kurser/sommarkurser/testa-pa-friluftsliv-31-juli---2-aug/,numberJsResources,3
http://www.fristads.fhsk.se/kurser/sommarkurser/testa-pa-friluftsliv-31-juli---2-aug/,imageResponseBytes,42792
http://www.fristads.fhsk.se/kurser/sommarkurser/testa-pa-friluftsliv-31-juli---2-aug/,UseLegibleFontSizes,0.0
http://www.fristads.fhsk.se/kurser/sommarkurser/testa-pa-friluftsliv-31-juli---2-aug/,AvoidPlugins,0.0
http://www.fristads.fhsk.se/kurser/sommarkurser/kurs-i-betonggjutning---om-material-formar-gjutning-och-ytbehandling-31-juli---4-aug/,MinifyHTML,0.0
http://www.fristads.fhsk.se/kurser/sommarkurser/kurs-i-betonggjutning---om-material-formar-gjutning-och-ytbehandling-31-juli---4-aug/,EnableGzipCompression,0.0
http://www.fristads.fhsk.se/kurser/sommarkurser/kurs-i-betonggjutning---om-material-formar-gjutning-och-ytbehandling-31-juli---4-aug/,numberHosts,2
http://www.fristads.fhsk.se/kurser/sommarkurser/kurs-i-betonggjutning---om-material-formar-gjutning-och-ytbehandling-31-juli---4-aug/,numberStaticResources,21
http://www.fristads.fhsk.se/kurser/sommarkurser/kurs-i-betonggjutning---om-material-formar-gjutning-och-ytbehandling-31-juli---4-aug/,otherResponseBytes,67820
http://www.fristads.fhsk.se/kurser/sommarkurser/kurs-i-betonggjutning---om-material-formar-gjutning-och-ytbehandling-31-juli---4-aug/,AvoidLandingPageRedirects,0.0
http://www.fristads.fhsk.se/kurser/sommarkurser/kurs-i-betonggjutning---om-material-formar-gjutning-och-ytbehandling-31-juli---4-aug/,MinimizeRenderBlockingResources,0.0
http://www.fristads.fhsk.se/kurser/sommarkurser/kurs-i-betonggjutning---om-material-formar-gjutning-och-ytbehandling-31-juli---4-aug/,OptimizeImages,0.2308
http://www.fristads.fhsk.se/kurser/sommarkurser/kurs-i-betonggjutning---om-material-formar-gjutning-och-ytbehandling-31-juli---4-aug/,totalRequestBytes,3382
http://www.fristads.fhsk.se/kurser/sommarkurser/kurs-i-betonggjutning---om-material-formar-gjutning-och-ytbehandling-31-juli---4-aug/,javascriptResponseBytes,407530
http://www.fristads.fhsk.se/kurser/sommarkurser/kurs-i-betonggjutning---om-material-formar-gjutning-och-ytbehandling-31-juli---4-aug/,MinifyJavaScript,0.0
http://www.fristads.fhsk.se/kurser/sommarkurser/kurs-i-betonggjutning---om-material-formar-gjutning-och-ytbehandling-31-juli---4-aug/,SizeTapTargetsAppropriately,3.5110803324099726
http://www.fristads.fhsk.se/kurser/sommarkurser/kurs-i-betonggjutning---om-material-formar-gjutning-och-ytbehandling-31-juli---4-aug/,numberResources,26
http://www.fristads.fhsk.se/kurser/sommarkurser/kurs-i-betonggjutning---om-material-formar-gjutning-och-ytbehandling-31-juli---4-aug/,MinifyCss,0.0
http://www.fristads.fhsk.se/kurser/sommarkurser/kurs-i-betonggjutning---om-material-formar-gjutning-och-ytbehandling-31-juli---4-aug/,LeverageBrowserCaching,0.75
http://www.fristads.fhsk.se/kurser/sommarkurser/kurs-i-betonggjutning---om-material-formar-gjutning-och-ytbehandling-31-juli---4-aug/,SizeContentToViewport,0.0
http://www.fristads.fhsk.se/kurser/sommarkurser/kurs-i-betonggjutning---om-material-formar-gjutning-och-ytbehandling-31-juli---4-aug/,cssResponseBytes,123670
http://www.fristads.fhsk.se/kurser/sommarkurser/kurs-i-betonggjutning---om-material-formar-gjutning-och-ytbehandling-31-juli---4-aug/,numberCssResources,2
http://www.fristads.fhsk.se/kurser/sommarkurser/kurs-i-betonggjutning---om-material-formar-gjutning-och-ytbehandling-31-juli---4-aug/,PrioritizeVisibleContent,0.0
http://www.fristads.fhsk.se/kurser/sommarkurser/kurs-i-betonggjutning---om-material-formar-gjutning-och-ytbehandling-31-juli---4-aug/,MainResourceServerResponseTime,0.0
http://www.fristads.fhsk.se/kurser/sommarkurser/kurs-i-betonggjutning---om-material-formar-gjutning-och-ytbehandling-31-juli---4-aug/,ConfigureViewport,0.0
http://www.fristads.fhsk.se/kurser/sommarkurser/kurs-i-betonggjutning---om-material-formar-gjutning-och-ytbehandling-31-juli---4-aug/,SPEED,98
http://www.fristads.fhsk.se/kurser/sommarkurser/kurs-i-betonggjutning---om-material-formar-gjutning-och-ytbehandling-31-juli---4-aug/,htmlResponseBytes,107061
http://www.fristads.fhsk.se/kurser/sommarkurser/kurs-i-betonggjutning---om-material-formar-gjutning-och-ytbehandling-31-juli---4-aug/,USABILITY,96
http://www.fristads.fhsk.se/kurser/sommarkurser/kurs-i-betonggjutning---om-material-formar-gjutning-och-ytbehandling-31-juli---4-aug/,numberJsResources,3
http://www.fristads.fhsk.se/kurser/sommarkurser/kurs-i-betonggjutning---om-material-formar-gjutning-och-ytbehandling-31-juli---4-aug/,imageResponseBytes,42792
http://www.fristads.fhsk.se/kurser/sommarkurser/kurs-i-betonggjutning---om-material-formar-gjutning-och-ytbehandling-31-juli---4-aug/,UseLegibleFontSizes,0.0
http://www.fristads.fhsk.se/kurser/sommarkurser/kurs-i-betonggjutning---om-material-formar-gjutning-och-ytbehandling-31-juli---4-aug/,AvoidPlugins,0.0
http://www.fristads.fhsk.se/kurser/sommarkurser/mobeltapetsering-v32/,MinifyHTML,0.1728
http://www.fristads.fhsk.se/kurser/sommarkurser/mobeltapetsering-v32/,EnableGzipCompression,0.0
http://www.fristads.fhsk.se/kurser/sommarkurser/mobeltapetsering-v32/,numberHosts,2
http://www.fristads.fhsk.se/kurser/sommarkurser/mobeltapetsering-v32/,numberStaticResources,21
http://www.fristads.fhsk.se/kurser/sommarkurser/mobeltapetsering-v32/,otherResponseBytes,67820
http://www.fristads.fhsk.se/kurser/sommarkurser/mobeltapetsering-v32/,AvoidLandingPageRedirects,0.0
http://www.fristads.fhsk.se/kurser/sommarkurser/mobeltapetsering-v32/,MinimizeRenderBlockingResources,0.0
http://www.fristads.fhsk.se/kurser/sommarkurser/mobeltapetsering-v32/,OptimizeImages,0.2308
http://www.fristads.fhsk.se/kurser/sommarkurser/mobeltapetsering-v32/,totalRequestBytes,3048
http://www.fristads.fhsk.se/kurser/sommarkurser/mobeltapetsering-v32/,javascriptResponseBytes,407530
http://www.fristads.fhsk.se/kurser/sommarkurser/mobeltapetsering-v32/,MinifyJavaScript,0.0
http://www.fristads.fhsk.se/kurser/sommarkurser/mobeltapetsering-v32/,SizeTapTargetsAppropriately,3.5110803324099726
http://www.fristads.fhsk.se/kurser/sommarkurser/mobeltapetsering-v32/,numberResources,26
http://www.fristads.fhsk.se/kurser/sommarkurser/mobeltapetsering-v32/,MinifyCss,0.0
http://www.fristads.fhsk.se/kurser/sommarkurser/mobeltapetsering-v32/,LeverageBrowserCaching,0.75
http://www.fristads.fhsk.se/kurser/sommarkurser/mobeltapetsering-v32/,SizeContentToViewport,0.0
http://www.fristads.fhsk.se/kurser/sommarkurser/mobeltapetsering-v32/,cssResponseBytes,123670
http://www.fristads.fhsk.se/kurser/sommarkurser/mobeltapetsering-v32/,numberCssResources,2
http://www.fristads.fhsk.se/kurser/sommarkurser/mobeltapetsering-v32/,PrioritizeVisibleContent,0.0
http://www.fristads.fhsk.se/kurser/sommarkurser/mobeltapetsering-v32/,MainResourceServerResponseTime,0.0
http://www.fristads.fhsk.se/kurser/sommarkurser/mobeltapetsering-v32/,ConfigureViewport,0.0
http://www.fristads.fhsk.se/kurser/sommarkurser/mobeltapetsering-v32/,SPEED,98
http://www.fristads.fhsk.se/kurser/sommarkurser/mobeltapetsering-v32/,htmlResponseBytes,105714
http://www.fristads.fhsk.se/kurser/sommarkurser/mobeltapetsering-v32/,USABILITY,96
http://www.fristads.fhsk.se/kurser/sommarkurser/mobeltapetsering-v32/,numberJsResources,3
http://www.fristads.fhsk.se/kurser/sommarkurser/mobeltapetsering-v32/,imageResponseBytes,42792
http://www.fristads.fhsk.se/kurser/sommarkurser/mobeltapetsering-v32/,UseLegibleFontSizes,0.0
http://www.fristads.fhsk.se/kurser/sommarkurser/mobeltapetsering-v32/,AvoidPlugins,0.0
http://www.fristads.fhsk.se/kurser/sommarkurser/mobeltapetsering-v26/,MinifyHTML,0.1715
http://www.fristads.fhsk.se/kurser/sommarkurser/mobeltapetsering-v26/,EnableGzipCompression,0.0
http://www.fristads.fhsk.se/kurser/sommarkurser/mobeltapetsering-v26/,numberHosts,2
http://www.fristads.fhsk.se/kurser/sommarkurser/mobeltapetsering-v26/,numberStaticResources,21
http://www.fristads.fhsk.se/kurser/sommarkurser/mobeltapetsering-v26/,otherResponseBytes,67820
http://www.fristads.fhsk.se/kurser/sommarkurser/mobeltapetsering-v26/,AvoidLandingPageRedirects,0.0
http://www.fristads.fhsk.se/kurser/sommarkurser/mobeltapetsering-v26/,MinimizeRenderBlockingResources,0.0
http://www.fristads.fhsk.se/kurser/sommarkurser/mobeltapetsering-v26/,OptimizeImages,0.2308
http://www.fristads.fhsk.se/kurser/sommarkurser/mobeltapetsering-v26/,totalRequestBytes,3038
http://www.fristads.fhsk.se/kurser/sommarkurser/mobeltapetsering-v26/,javascriptResponseBytes,407530
http://www.fristads.fhsk.se/kurser/sommarkurser/mobeltapetsering-v26/,MinifyJavaScript,0.0
http://www.fristads.fhsk.se/kurser/sommarkurser/mobeltapetsering-v26/,SizeTapTargetsAppropriately,3.5110803324099726
http://www.fristads.fhsk.se/kurser/sommarkurser/mobeltapetsering-v26/,numberResources,26
http://www.fristads.fhsk.se/kurser/sommarkurser/mobeltapetsering-v26/,MinifyCss,0.0
http://www.fristads.fhsk.se/kurser/sommarkurser/mobeltapetsering-v26/,LeverageBrowserCaching,0.75
http://www.fristads.fhsk.se/kurser/sommarkurser/mobeltapetsering-v26/,SizeContentToViewport,0.0
http://www.fristads.fhsk.se/kurser/sommarkurser/mobeltapetsering-v26/,cssResponseBytes,123670
http://www.fristads.fhsk.se/kurser/sommarkurser/mobeltapetsering-v26/,numberCssResources,2
http://www.fristads.fhsk.se/kurser/sommarkurser/mobeltapetsering-v26/,PrioritizeVisibleContent,0.0
http://www.fristads.fhsk.se/kurser/sommarkurser/mobeltapetsering-v26/,MainResourceServerResponseTime,2.07
http://www.fristads.fhsk.se/kurser/sommarkurser/mobeltapetsering-v26/,ConfigureViewport,0.0
http://www.fristads.fhsk.se/kurser/sommarkurser/mobeltapetsering-v26/,SPEED,96
http://www.fristads.fhsk.se/kurser/sommarkurser/mobeltapetsering-v26/,htmlResponseBytes,105672
http://www.fristads.fhsk.se/kurser/sommarkurser/mobeltapetsering-v26/,USABILITY,96
http://www.fristads.fhsk.se/kurser/sommarkurser/mobeltapetsering-v26/,numberJsResources,3
http://www.fristads.fhsk.se/kurser/sommarkurser/mobeltapetsering-v26/,imageResponseBytes,42792
http://www.fristads.fhsk.se/kurser/sommarkurser/mobeltapetsering-v26/,UseLegibleFontSizes,0.0
http://www.fristads.fhsk.se/kurser/sommarkurser/mobeltapetsering-v26/,AvoidPlugins,0.0
http://www.fristads.fhsk.se/kurser/sommarkurser/serietecknarkurs-v26/,MinifyHTML,0.1726
http://www.fristads.fhsk.se/kurser/sommarkurser/serietecknarkurs-v26/,EnableGzipCompression,0.0
http://www.fristads.fhsk.se/kurser/sommarkurser/serietecknarkurs-v26/,numberHosts,2
http://www.fristads.fhsk.se/kurser/sommarkurser/serietecknarkurs-v26/,numberStaticResources,21
http://www.fristads.fhsk.se/kurser/sommarkurser/serietecknarkurs-v26/,otherResponseBytes,67820
http://www.fristads.fhsk.se/kurser/sommarkurser/serietecknarkurs-v26/,AvoidLandingPageRedirects,0.0
http://www.fristads.fhsk.se/kurser/sommarkurser/serietecknarkurs-v26/,MinimizeRenderBlockingResources,0.0
http://www.fristads.fhsk.se/kurser/sommarkurser/serietecknarkurs-v26/,OptimizeImages,0.2308
http://www.fristads.fhsk.se/kurser/sommarkurser/serietecknarkurs-v26/,totalRequestBytes,3028
http://www.fristads.fhsk.se/kurser/sommarkurser/serietecknarkurs-v26/,javascriptResponseBytes,407530
http://www.fristads.fhsk.se/kurser/sommarkurser/serietecknarkurs-v26/,MinifyJavaScript,0.0
http://www.fristads.fhsk.se/kurser/sommarkurser/serietecknarkurs-v26/,SizeTapTargetsAppropriately,3.5110803324099726
http://www.fristads.fhsk.se/kurser/sommarkurser/serietecknarkurs-v26/,numberResources,26
http://www.fristads.fhsk.se/kurser/sommarkurser/serietecknarkurs-v26/,MinifyCss,0.0
http://www.fristads.fhsk.se/kurser/sommarkurser/serietecknarkurs-v26/,LeverageBrowserCaching,0.75
http://www.fristads.fhsk.se/kurser/sommarkurser/serietecknarkurs-v26/,SizeContentToViewport,0.0
http://www.fristads.fhsk.se/kurser/sommarkurser/serietecknarkurs-v26/,cssResponseBytes,123670
http://www.fristads.fhsk.se/kurser/sommarkurser/serietecknarkurs-v26/,numberCssResources,2
http://www.fristads.fhsk.se/kurser/sommarkurser/serietecknarkurs-v26/,PrioritizeVisibleContent,0.0
http://www.fristads.fhsk.se/kurser/sommarkurser/serietecknarkurs-v26/,MainResourceServerResponseTime,2.94
http://www.fristads.fhsk.se/kurser/sommarkurser/serietecknarkurs-v26/,ConfigureViewport,0.0
http://www.fristads.fhsk.se/kurser/sommarkurser/serietecknarkurs-v26/,SPEED,95
http://www.fristads.fhsk.se/kurser/sommarkurser/serietecknarkurs-v26/,htmlResponseBytes,106507
http://www.fristads.fhsk.se/kurser/sommarkurser/serietecknarkurs-v26/,USABILITY,96
http://www.fristads.fhsk.se/kurser/sommarkurser/serietecknarkurs-v26/,numberJsResources,3
http://www.fristads.fhsk.se/kurser/sommarkurser/serietecknarkurs-v26/,imageResponseBytes,42792
http://www.fristads.fhsk.se/kurser/sommarkurser/serietecknarkurs-v26/,UseLegibleFontSizes,0.0
http://www.fristads.fhsk.se/kurser/sommarkurser/serietecknarkurs-v26/,AvoidPlugins,0.0
http://www.fristads.fhsk.se/studerande/lankar-for-studerande/urkund---analysadresser-till-larare/,MinifyHTML,0.0
http://www.fristads.fhsk.se/studerande/lankar-for-studerande/urkund---analysadresser-till-larare/,EnableGzipCompression,0.0
http://www.fristads.fhsk.se/studerande/lankar-for-studerande/urkund---analysadresser-till-larare/,numberHosts,2
http://www.fristads.fhsk.se/studerande/lankar-for-studerande/urkund---analysadresser-till-larare/,numberStaticResources,21
http://www.fristads.fhsk.se/studerande/lankar-for-studerande/urkund---analysadresser-till-larare/,otherResponseBytes,67820
http://www.fristads.fhsk.se/studerande/lankar-for-studerande/urkund---analysadresser-till-larare/,AvoidLandingPageRedirects,0.0
http://www.fristads.fhsk.se/studerande/lankar-for-studerande/urkund---analysadresser-till-larare/,MinimizeRenderBlockingResources,8.0
http://www.fristads.fhsk.se/studerande/lankar-for-studerande/urkund---analysadresser-till-larare/,OptimizeImages,0.2308
http://www.fristads.fhsk.se/studerande/lankar-for-studerande/urkund---analysadresser-till-larare/,totalRequestBytes,3134
http://www.fristads.fhsk.se/studerande/lankar-for-studerande/urkund---analysadresser-till-larare/,javascriptResponseBytes,407530
http://www.fristads.fhsk.se/studerande/lankar-for-studerande/urkund---analysadresser-till-larare/,MinifyJavaScript,0.0
http://www.fristads.fhsk.se/studerande/lankar-for-studerande/urkund---analysadresser-till-larare/,SizeTapTargetsAppropriately,3.5110803324099726
http://www.fristads.fhsk.se/studerande/lankar-for-studerande/urkund---analysadresser-till-larare/,numberResources,26
http://www.fristads.fhsk.se/studerande/lankar-for-studerande/urkund---analysadresser-till-larare/,MinifyCss,0.0
http://www.fristads.fhsk.se/studerande/lankar-for-studerande/urkund---analysadresser-till-larare/,LeverageBrowserCaching,0.75
http://www.fristads.fhsk.se/studerande/lankar-for-studerande/urkund---analysadresser-till-larare/,SizeContentToViewport,10.062031346522394
http://www.fristads.fhsk.se/studerande/lankar-for-studerande/urkund---analysadresser-till-larare/,cssResponseBytes,123670
http://www.fristads.fhsk.se/studerande/lankar-for-studerande/urkund---analysadresser-till-larare/,numberCssResources,2
http://www.fristads.fhsk.se/studerande/lankar-for-studerande/urkund---analysadresser-till-larare/,PrioritizeVisibleContent,8.0
http://www.fristads.fhsk.se/studerande/lankar-for-studerande/urkund---analysadresser-till-larare/,MainResourceServerResponseTime,0.0
http://www.fristads.fhsk.se/studerande/lankar-for-studerande/urkund---analysadresser-till-larare/,ConfigureViewport,0.0
http://www.fristads.fhsk.se/studerande/lankar-for-studerande/urkund---analysadresser-till-larare/,SPEED,84
http://www.fristads.fhsk.se/studerande/lankar-for-studerande/urkund---analysadresser-till-larare/,htmlResponseBytes,104266
http://www.fristads.fhsk.se/studerande/lankar-for-studerande/urkund---analysadresser-till-larare/,USABILITY,87
http://www.fristads.fhsk.se/studerande/lankar-for-studerande/urkund---analysadresser-till-larare/,numberJsResources,3
http://www.fristads.fhsk.se/studerande/lankar-for-studerande/urkund---analysadresser-till-larare/,imageResponseBytes,42792
http://www.fristads.fhsk.se/studerande/lankar-for-studerande/urkund---analysadresser-till-larare/,UseLegibleFontSizes,0.0
http://www.fristads.fhsk.se/studerande/lankar-for-studerande/urkund---analysadresser-till-larare/,AvoidPlugins,0.0
http://www.fristads.fhsk.se/skolan/,MinifyHTML,0.0
http://www.fristads.fhsk.se/skolan/,EnableGzipCompression,0.0
http://www.fristads.fhsk.se/skolan/,numberHosts,2
http://www.fristads.fhsk.se/skolan/,numberStaticResources,22
http://www.fristads.fhsk.se/skolan/,otherResponseBytes,67820
http://www.fristads.fhsk.se/skolan/,AvoidLandingPageRedirects,0.0
http://www.fristads.fhsk.se/skolan/,MinimizeRenderBlockingResources,0.0
http://www.fristads.fhsk.se/skolan/,OptimizeImages,0.2308
http://www.fristads.fhsk.se/skolan/,totalRequestBytes,3002
http://www.fristads.fhsk.se/skolan/,javascriptResponseBytes,407530
http://www.fristads.fhsk.se/skolan/,MinifyJavaScript,0.0
http://www.fristads.fhsk.se/skolan/,SizeTapTargetsAppropriately,3.5110803324099726
http://www.fristads.fhsk.se/skolan/,numberResources,27
http://www.fristads.fhsk.se/skolan/,MinifyCss,0.0
http://www.fristads.fhsk.se/skolan/,LeverageBrowserCaching,0.75
http://www.fristads.fhsk.se/skolan/,SizeContentToViewport,0.0
http://www.fristads.fhsk.se/skolan/,cssResponseBytes,123670
http://www.fristads.fhsk.se/skolan/,numberCssResources,2
http://www.fristads.fhsk.se/skolan/,PrioritizeVisibleContent,8.0
http://www.fristads.fhsk.se/skolan/,MainResourceServerResponseTime,0.0
http://www.fristads.fhsk.se/skolan/,ConfigureViewport,0.0
http://www.fristads.fhsk.se/skolan/,SPEED,90
http://www.fristads.fhsk.se/skolan/,htmlResponseBytes,102081
http://www.fristads.fhsk.se/skolan/,USABILITY,96
http://www.fristads.fhsk.se/skolan/,numberJsResources,3
http://www.fristads.fhsk.se/skolan/,imageResponseBytes,130511
http://www.fristads.fhsk.se/skolan/,UseLegibleFontSizes,0.0
http://www.fristads.fhsk.se/skolan/,AvoidPlugins,0.0
http://www.fristads.fhsk.se/artiklar/ansok-till-hostens-kurser-nu/,MinifyHTML,0.0
http://www.fristads.fhsk.se/artiklar/ansok-till-hostens-kurser-nu/,EnableGzipCompression,0.0
http://www.fristads.fhsk.se/artiklar/ansok-till-hostens-kurser-nu/,numberHosts,2
http://www.fristads.fhsk.se/artiklar/ansok-till-hostens-kurser-nu/,numberStaticResources,22
http://www.fristads.fhsk.se/artiklar/ansok-till-hostens-kurser-nu/,otherResponseBytes,67820
http://www.fristads.fhsk.se/artiklar/ansok-till-hostens-kurser-nu/,AvoidLandingPageRedirects,0.0
http://www.fristads.fhsk.se/artiklar/ansok-till-hostens-kurser-nu/,MinimizeRenderBlockingResources,0.0
http://www.fristads.fhsk.se/artiklar/ansok-till-hostens-kurser-nu/,OptimizeImages,0.2308
http://www.fristads.fhsk.se/artiklar/ansok-till-hostens-kurser-nu/,totalRequestBytes,3181
http://www.fristads.fhsk.se/artiklar/ansok-till-hostens-kurser-nu/,javascriptResponseBytes,407530
http://www.fristads.fhsk.se/artiklar/ansok-till-hostens-kurser-nu/,MinifyJavaScript,0.0
http://www.fristads.fhsk.se/artiklar/ansok-till-hostens-kurser-nu/,SizeTapTargetsAppropriately,4.1387755102040815
http://www.fristads.fhsk.se/artiklar/ansok-till-hostens-kurser-nu/,numberResources,27
http://www.fristads.fhsk.se/artiklar/ansok-till-hostens-kurser-nu/,MinifyCss,0.0
http://www.fristads.fhsk.se/artiklar/ansok-till-hostens-kurser-nu/,LeverageBrowserCaching,0.75
http://www.fristads.fhsk.se/artiklar/ansok-till-hostens-kurser-nu/,SizeContentToViewport,0.0
http://www.fristads.fhsk.se/artiklar/ansok-till-hostens-kurser-nu/,cssResponseBytes,123670
http://www.fristads.fhsk.se/artiklar/ansok-till-hostens-kurser-nu/,numberCssResources,2
http://www.fristads.fhsk.se/artiklar/ansok-till-hostens-kurser-nu/,PrioritizeVisibleContent,0.0
http://www.fristads.fhsk.se/artiklar/ansok-till-hostens-kurser-nu/,MainResourceServerResponseTime,0.0
http://www.fristads.fhsk.se/artiklar/ansok-till-hostens-kurser-nu/,ConfigureViewport,0.0
http://www.fristads.fhsk.se/artiklar/ansok-till-hostens-kurser-nu/,SPEED,98
http://www.fristads.fhsk.se/artiklar/ansok-till-hostens-kurser-nu/,htmlResponseBytes,100571
http://www.fristads.fhsk.se/artiklar/ansok-till-hostens-kurser-nu/,USABILITY,95
http://www.fristads.fhsk.se/artiklar/ansok-till-hostens-kurser-nu/,numberJsResources,3
http://www.fristads.fhsk.se/artiklar/ansok-till-hostens-kurser-nu/,imageResponseBytes,109863
http://www.fristads.fhsk.se/artiklar/ansok-till-hostens-kurser-nu/,UseLegibleFontSizes,0.0
http://www.fristads.fhsk.se/artiklar/ansok-till-hostens-kurser-nu/,AvoidPlugins,0.0
http://www.fristads.fhsk.se/artiklar/valborgsfirande/,MinifyHTML,0.0
http://www.fristads.fhsk.se/artiklar/valborgsfirande/,EnableGzipCompression,0.0
http://www.fristads.fhsk.se/artiklar/valborgsfirande/,numberHosts,2
http://www.fristads.fhsk.se/artiklar/valborgsfirande/,numberStaticResources,22
http://www.fristads.fhsk.se/artiklar/valborgsfirande/,otherResponseBytes,67820
http://www.fristads.fhsk.se/artiklar/valborgsfirande/,AvoidLandingPageRedirects,0.0
http://www.fristads.fhsk.se/artiklar/valborgsfirande/,MinimizeRenderBlockingResources,0.0
http://www.fristads.fhsk.se/artiklar/valborgsfirande/,OptimizeImages,0.2308
http://www.fristads.fhsk.se/artiklar/valborgsfirande/,totalRequestBytes,3052
http://www.fristads.fhsk.se/artiklar/valborgsfirande/,javascriptResponseBytes,407530
http://www.fristads.fhsk.se/artiklar/valborgsfirande/,MinifyJavaScript,0.0
http://www.fristads.fhsk.se/artiklar/valborgsfirande/,SizeTapTargetsAppropriately,3.5110803324099726
http://www.fristads.fhsk.se/artiklar/valborgsfirande/,numberResources,27
http://www.fristads.fhsk.se/artiklar/valborgsfirande/,MinifyCss,0.0
http://www.fristads.fhsk.se/artiklar/valborgsfirande/,LeverageBrowserCaching,0.75
http://www.fristads.fhsk.se/artiklar/valborgsfirande/,SizeContentToViewport,0.0
http://www.fristads.fhsk.se/artiklar/valborgsfirande/,cssResponseBytes,123670
http://www.fristads.fhsk.se/artiklar/valborgsfirande/,numberCssResources,2
http://www.fristads.fhsk.se/artiklar/valborgsfirande/,PrioritizeVisibleContent,0.0
http://www.fristads.fhsk.se/artiklar/valborgsfirande/,MainResourceServerResponseTime,0.57
http://www.fristads.fhsk.se/artiklar/valborgsfirande/,ConfigureViewport,0.0
http://www.fristads.fhsk.se/artiklar/valborgsfirande/,SPEED,98
http://www.fristads.fhsk.se/artiklar/valborgsfirande/,htmlResponseBytes,100362
http://www.fristads.fhsk.se/artiklar/valborgsfirande/,USABILITY,96
http://www.fristads.fhsk.se/artiklar/valborgsfirande/,numberJsResources,3
http://www.fristads.fhsk.se/artiklar/valborgsfirande/,imageResponseBytes,128627
http://www.fristads.fhsk.se/artiklar/valborgsfirande/,UseLegibleFontSizes,0.0
http://www.fristads.fhsk.se/artiklar/valborgsfirande/,AvoidPlugins,0.0
