http://www.billstromska.fhsk.se/kurser/allman-kurs-med-textil/,SPEED,89
http://www.billstromska.fhsk.se/kurser/allman-kurs-med-textil/,USABILITY,96
http://www.billstromska.fhsk.se/kurser/allman-kurs-med-textil/,numberResources,26
http://www.billstromska.fhsk.se/kurser/allman-kurs-med-textil/,numberHosts,1
http://www.billstromska.fhsk.se/kurser/allman-kurs-med-textil/,totalRequestBytes,2579
http://www.billstromska.fhsk.se/kurser/allman-kurs-med-textil/,numberStaticResources,23
http://www.billstromska.fhsk.se/kurser/allman-kurs-med-textil/,htmlResponseBytes,83692
http://www.billstromska.fhsk.se/kurser/allman-kurs-med-textil/,cssResponseBytes,123670
http://www.billstromska.fhsk.se/kurser/allman-kurs-med-textil/,imageResponseBytes,130712
http://www.billstromska.fhsk.se/kurser/allman-kurs-med-textil/,javascriptResponseBytes,345026
http://www.billstromska.fhsk.se/kurser/allman-kurs-med-textil/,otherResponseBytes,67820
http://www.billstromska.fhsk.se/kurser/allman-kurs-med-textil/,numberJsResources,2
http://www.billstromska.fhsk.se/kurser/allman-kurs-med-textil/,numberCssResources,2
http://www.billstromska.fhsk.se/kurser/allman-kurs-med-textil/,AvoidLandingPageRedirects,0.0
http://www.billstromska.fhsk.se/kurser/allman-kurs-med-textil/,AvoidPlugins,0.0
http://www.billstromska.fhsk.se/kurser/allman-kurs-med-textil/,ConfigureViewport,0.0
http://www.billstromska.fhsk.se/kurser/allman-kurs-med-textil/,EnableGzipCompression,0.0
http://www.billstromska.fhsk.se/kurser/allman-kurs-med-textil/,LeverageBrowserCaching,0.0
http://www.billstromska.fhsk.se/kurser/allman-kurs-med-textil/,MainResourceServerResponseTime,2.16
http://www.billstromska.fhsk.se/kurser/allman-kurs-med-textil/,MinifyCss,0.0
http://www.billstromska.fhsk.se/kurser/allman-kurs-med-textil/,MinifyHTML,0.0
http://www.billstromska.fhsk.se/kurser/allman-kurs-med-textil/,MinifyJavaScript,0.0
http://www.billstromska.fhsk.se/kurser/allman-kurs-med-textil/,MinimizeRenderBlockingResources,0.0
http://www.billstromska.fhsk.se/kurser/allman-kurs-med-textil/,OptimizeImages,0.2308
http://www.billstromska.fhsk.se/kurser/allman-kurs-med-textil/,PrioritizeVisibleContent,8.0
http://www.billstromska.fhsk.se/kurser/allman-kurs-med-textil/,SizeContentToViewport,0.0
http://www.billstromska.fhsk.se/kurser/allman-kurs-med-textil/,SizeTapTargetsAppropriately,2.6515704894083276
http://www.billstromska.fhsk.se/kurser/allman-kurs-med-textil/,UseLegibleFontSizes,0.0
http://www.billstromska.fhsk.se/studerande/omdomen/,SPEED,98
http://www.billstromska.fhsk.se/studerande/omdomen/,USABILITY,96
http://www.billstromska.fhsk.se/studerande/omdomen/,numberResources,23
http://www.billstromska.fhsk.se/studerande/omdomen/,numberHosts,1
http://www.billstromska.fhsk.se/studerande/omdomen/,totalRequestBytes,2245
http://www.billstromska.fhsk.se/studerande/omdomen/,numberStaticResources,20
http://www.billstromska.fhsk.se/studerande/omdomen/,htmlResponseBytes,82058
http://www.billstromska.fhsk.se/studerande/omdomen/,cssResponseBytes,123670
http://www.billstromska.fhsk.se/studerande/omdomen/,imageResponseBytes,42330
http://www.billstromska.fhsk.se/studerande/omdomen/,javascriptResponseBytes,345026
http://www.billstromska.fhsk.se/studerande/omdomen/,otherResponseBytes,67820
http://www.billstromska.fhsk.se/studerande/omdomen/,numberJsResources,2
http://www.billstromska.fhsk.se/studerande/omdomen/,numberCssResources,2
http://www.billstromska.fhsk.se/studerande/omdomen/,AvoidLandingPageRedirects,0.0
http://www.billstromska.fhsk.se/studerande/omdomen/,AvoidPlugins,0.0
http://www.billstromska.fhsk.se/studerande/omdomen/,ConfigureViewport,0.0
http://www.billstromska.fhsk.se/studerande/omdomen/,EnableGzipCompression,0.0
http://www.billstromska.fhsk.se/studerande/omdomen/,LeverageBrowserCaching,0.0
http://www.billstromska.fhsk.se/studerande/omdomen/,MainResourceServerResponseTime,1.23
http://www.billstromska.fhsk.se/studerande/omdomen/,MinifyCss,0.0
http://www.billstromska.fhsk.se/studerande/omdomen/,MinifyHTML,0.0
http://www.billstromska.fhsk.se/studerande/omdomen/,MinifyJavaScript,0.0
http://www.billstromska.fhsk.se/studerande/omdomen/,MinimizeRenderBlockingResources,0.0
http://www.billstromska.fhsk.se/studerande/omdomen/,OptimizeImages,0.2308
http://www.billstromska.fhsk.se/studerande/omdomen/,PrioritizeVisibleContent,0.0
http://www.billstromska.fhsk.se/studerande/omdomen/,SizeContentToViewport,0.0
http://www.billstromska.fhsk.se/studerande/omdomen/,SizeTapTargetsAppropriately,2.8009259259259265
http://www.billstromska.fhsk.se/studerande/omdomen/,UseLegibleFontSizes,0.0
http://www.billstromska.fhsk.se/,SPEED,93
http://www.billstromska.fhsk.se/,USABILITY,95
http://www.billstromska.fhsk.se/,numberResources,20
http://www.billstromska.fhsk.se/,numberHosts,1
http://www.billstromska.fhsk.se/,totalRequestBytes,2276
http://www.billstromska.fhsk.se/,numberStaticResources,17
http://www.billstromska.fhsk.se/,htmlResponseBytes,81588
http://www.billstromska.fhsk.se/,cssResponseBytes,123670
http://www.billstromska.fhsk.se/,imageResponseBytes,637090
http://www.billstromska.fhsk.se/,javascriptResponseBytes,345026
http://www.billstromska.fhsk.se/,otherResponseBytes,67820
http://www.billstromska.fhsk.se/,numberJsResources,2
http://www.billstromska.fhsk.se/,numberCssResources,2
http://www.billstromska.fhsk.se/,AvoidLandingPageRedirects,0.0
http://www.billstromska.fhsk.se/,AvoidPlugins,0.0
http://www.billstromska.fhsk.se/,ConfigureViewport,0.0
http://www.billstromska.fhsk.se/,EnableGzipCompression,0.0
http://www.billstromska.fhsk.se/,LeverageBrowserCaching,0.0
http://www.billstromska.fhsk.se/,MainResourceServerResponseTime,0.69
http://www.billstromska.fhsk.se/,MinifyCss,0.0
http://www.billstromska.fhsk.se/,MinifyHTML,0.0
http://www.billstromska.fhsk.se/,MinifyJavaScript,0.0
http://www.billstromska.fhsk.se/,MinimizeRenderBlockingResources,0.0
http://www.billstromska.fhsk.se/,OptimizeImages,4.9815000000000005
http://www.billstromska.fhsk.se/,PrioritizeVisibleContent,0.0
http://www.billstromska.fhsk.se/,SizeContentToViewport,0.0
http://www.billstromska.fhsk.se/,SizeTapTargetsAppropriately,3.7773152965660777
http://www.billstromska.fhsk.se/,UseLegibleFontSizes,0.0
http://www.billstromska.fhsk.se/kurser/sommarkurs/kulturupplevelser/,SPEED,91
http://www.billstromska.fhsk.se/kurser/sommarkurs/kulturupplevelser/,USABILITY,96
http://www.billstromska.fhsk.se/kurser/sommarkurs/kulturupplevelser/,numberResources,24
http://www.billstromska.fhsk.se/kurser/sommarkurs/kulturupplevelser/,numberHosts,1
http://www.billstromska.fhsk.se/kurser/sommarkurs/kulturupplevelser/,totalRequestBytes,2412
http://www.billstromska.fhsk.se/kurser/sommarkurs/kulturupplevelser/,numberStaticResources,21
http://www.billstromska.fhsk.se/kurser/sommarkurs/kulturupplevelser/,htmlResponseBytes,84083
http://www.billstromska.fhsk.se/kurser/sommarkurs/kulturupplevelser/,cssResponseBytes,123670
http://www.billstromska.fhsk.se/kurser/sommarkurs/kulturupplevelser/,imageResponseBytes,166428
http://www.billstromska.fhsk.se/kurser/sommarkurs/kulturupplevelser/,javascriptResponseBytes,345026
http://www.billstromska.fhsk.se/kurser/sommarkurs/kulturupplevelser/,otherResponseBytes,67820
http://www.billstromska.fhsk.se/kurser/sommarkurs/kulturupplevelser/,numberJsResources,2
http://www.billstromska.fhsk.se/kurser/sommarkurs/kulturupplevelser/,numberCssResources,2
http://www.billstromska.fhsk.se/kurser/sommarkurs/kulturupplevelser/,AvoidLandingPageRedirects,0.0
http://www.billstromska.fhsk.se/kurser/sommarkurs/kulturupplevelser/,AvoidPlugins,0.0
http://www.billstromska.fhsk.se/kurser/sommarkurs/kulturupplevelser/,ConfigureViewport,0.0
http://www.billstromska.fhsk.se/kurser/sommarkurs/kulturupplevelser/,EnableGzipCompression,0.0
http://www.billstromska.fhsk.se/kurser/sommarkurs/kulturupplevelser/,LeverageBrowserCaching,0.0
http://www.billstromska.fhsk.se/kurser/sommarkurs/kulturupplevelser/,MainResourceServerResponseTime,0.0
http://www.billstromska.fhsk.se/kurser/sommarkurs/kulturupplevelser/,MinifyCss,0.0
http://www.billstromska.fhsk.se/kurser/sommarkurs/kulturupplevelser/,MinifyHTML,0.0
http://www.billstromska.fhsk.se/kurser/sommarkurs/kulturupplevelser/,MinifyJavaScript,0.0
http://www.billstromska.fhsk.se/kurser/sommarkurs/kulturupplevelser/,MinimizeRenderBlockingResources,0.0
http://www.billstromska.fhsk.se/kurser/sommarkurs/kulturupplevelser/,OptimizeImages,0.2308
http://www.billstromska.fhsk.se/kurser/sommarkurs/kulturupplevelser/,PrioritizeVisibleContent,8.0
http://www.billstromska.fhsk.se/kurser/sommarkurs/kulturupplevelser/,SizeContentToViewport,0.0
http://www.billstromska.fhsk.se/kurser/sommarkurs/kulturupplevelser/,SizeTapTargetsAppropriately,2.8009259259259265
http://www.billstromska.fhsk.se/kurser/sommarkurs/kulturupplevelser/,UseLegibleFontSizes,0.0
http://www.billstromska.fhsk.se/kurser/sommarkurs/keramik/,SPEED,96
http://www.billstromska.fhsk.se/kurser/sommarkurs/keramik/,USABILITY,96
http://www.billstromska.fhsk.se/kurser/sommarkurs/keramik/,numberResources,23
http://www.billstromska.fhsk.se/kurser/sommarkurs/keramik/,numberHosts,1
http://www.billstromska.fhsk.se/kurser/sommarkurs/keramik/,totalRequestBytes,2252
http://www.billstromska.fhsk.se/kurser/sommarkurs/keramik/,numberStaticResources,20
http://www.billstromska.fhsk.se/kurser/sommarkurs/keramik/,htmlResponseBytes,82666
http://www.billstromska.fhsk.se/kurser/sommarkurs/keramik/,cssResponseBytes,123670
http://www.billstromska.fhsk.se/kurser/sommarkurs/keramik/,imageResponseBytes,42330
http://www.billstromska.fhsk.se/kurser/sommarkurs/keramik/,javascriptResponseBytes,345026
http://www.billstromska.fhsk.se/kurser/sommarkurs/keramik/,otherResponseBytes,67820
http://www.billstromska.fhsk.se/kurser/sommarkurs/keramik/,numberJsResources,2
http://www.billstromska.fhsk.se/kurser/sommarkurs/keramik/,numberCssResources,2
http://www.billstromska.fhsk.se/kurser/sommarkurs/keramik/,AvoidLandingPageRedirects,0.0
http://www.billstromska.fhsk.se/kurser/sommarkurs/keramik/,AvoidPlugins,0.0
http://www.billstromska.fhsk.se/kurser/sommarkurs/keramik/,ConfigureViewport,0.0
http://www.billstromska.fhsk.se/kurser/sommarkurs/keramik/,EnableGzipCompression,0.0
http://www.billstromska.fhsk.se/kurser/sommarkurs/keramik/,LeverageBrowserCaching,0.0
http://www.billstromska.fhsk.se/kurser/sommarkurs/keramik/,MainResourceServerResponseTime,2.535
http://www.billstromska.fhsk.se/kurser/sommarkurs/keramik/,MinifyCss,0.0
http://www.billstromska.fhsk.se/kurser/sommarkurs/keramik/,MinifyHTML,0.0
http://www.billstromska.fhsk.se/kurser/sommarkurs/keramik/,MinifyJavaScript,0.0
http://www.billstromska.fhsk.se/kurser/sommarkurs/keramik/,MinimizeRenderBlockingResources,0.0
http://www.billstromska.fhsk.se/kurser/sommarkurs/keramik/,OptimizeImages,0.2308
http://www.billstromska.fhsk.se/kurser/sommarkurs/keramik/,PrioritizeVisibleContent,0.0
http://www.billstromska.fhsk.se/kurser/sommarkurs/keramik/,SizeContentToViewport,0.0
http://www.billstromska.fhsk.se/kurser/sommarkurs/keramik/,SizeTapTargetsAppropriately,2.8009259259259265
http://www.billstromska.fhsk.se/kurser/sommarkurs/keramik/,UseLegibleFontSizes,0.0
http://www.billstromska.fhsk.se/kurser/musiklinje/larare/,SPEED,96
http://www.billstromska.fhsk.se/kurser/musiklinje/larare/,USABILITY,96
http://www.billstromska.fhsk.se/kurser/musiklinje/larare/,numberResources,25
http://www.billstromska.fhsk.se/kurser/musiklinje/larare/,numberHosts,1
http://www.billstromska.fhsk.se/kurser/musiklinje/larare/,totalRequestBytes,2424
http://www.billstromska.fhsk.se/kurser/musiklinje/larare/,numberStaticResources,22
http://www.billstromska.fhsk.se/kurser/musiklinje/larare/,htmlResponseBytes,81555
http://www.billstromska.fhsk.se/kurser/musiklinje/larare/,cssResponseBytes,123670
http://www.billstromska.fhsk.se/kurser/musiklinje/larare/,imageResponseBytes,43604
http://www.billstromska.fhsk.se/kurser/musiklinje/larare/,javascriptResponseBytes,345026
http://www.billstromska.fhsk.se/kurser/musiklinje/larare/,otherResponseBytes,67820
http://www.billstromska.fhsk.se/kurser/musiklinje/larare/,numberJsResources,2
http://www.billstromska.fhsk.se/kurser/musiklinje/larare/,numberCssResources,2
http://www.billstromska.fhsk.se/kurser/musiklinje/larare/,AvoidLandingPageRedirects,0.0
http://www.billstromska.fhsk.se/kurser/musiklinje/larare/,AvoidPlugins,0.0
http://www.billstromska.fhsk.se/kurser/musiklinje/larare/,ConfigureViewport,0.0
http://www.billstromska.fhsk.se/kurser/musiklinje/larare/,EnableGzipCompression,0.0
http://www.billstromska.fhsk.se/kurser/musiklinje/larare/,LeverageBrowserCaching,0.0
http://www.billstromska.fhsk.se/kurser/musiklinje/larare/,MainResourceServerResponseTime,2.805
http://www.billstromska.fhsk.se/kurser/musiklinje/larare/,MinifyCss,0.0
http://www.billstromska.fhsk.se/kurser/musiklinje/larare/,MinifyHTML,0.0
http://www.billstromska.fhsk.se/kurser/musiklinje/larare/,MinifyJavaScript,0.0
http://www.billstromska.fhsk.se/kurser/musiklinje/larare/,MinimizeRenderBlockingResources,0.0
http://www.billstromska.fhsk.se/kurser/musiklinje/larare/,OptimizeImages,0.2308
http://www.billstromska.fhsk.se/kurser/musiklinje/larare/,PrioritizeVisibleContent,0.0
http://www.billstromska.fhsk.se/kurser/musiklinje/larare/,SizeContentToViewport,0.0
http://www.billstromska.fhsk.se/kurser/musiklinje/larare/,SizeTapTargetsAppropriately,2.8009259259259265
http://www.billstromska.fhsk.se/kurser/musiklinje/larare/,UseLegibleFontSizes,0.0
http://www.billstromska.fhsk.se/skolan/elevforbundet/,SPEED,99
http://www.billstromska.fhsk.se/skolan/elevforbundet/,USABILITY,96
http://www.billstromska.fhsk.se/skolan/elevforbundet/,numberResources,23
http://www.billstromska.fhsk.se/skolan/elevforbundet/,numberHosts,1
http://www.billstromska.fhsk.se/skolan/elevforbundet/,totalRequestBytes,2247
http://www.billstromska.fhsk.se/skolan/elevforbundet/,numberStaticResources,20
http://www.billstromska.fhsk.se/skolan/elevforbundet/,htmlResponseBytes,81294
http://www.billstromska.fhsk.se/skolan/elevforbundet/,cssResponseBytes,123670
http://www.billstromska.fhsk.se/skolan/elevforbundet/,imageResponseBytes,42330
http://www.billstromska.fhsk.se/skolan/elevforbundet/,javascriptResponseBytes,345026
http://www.billstromska.fhsk.se/skolan/elevforbundet/,otherResponseBytes,67820
http://www.billstromska.fhsk.se/skolan/elevforbundet/,numberJsResources,2
http://www.billstromska.fhsk.se/skolan/elevforbundet/,numberCssResources,2
http://www.billstromska.fhsk.se/skolan/elevforbundet/,AvoidLandingPageRedirects,0.0
http://www.billstromska.fhsk.se/skolan/elevforbundet/,AvoidPlugins,0.0
http://www.billstromska.fhsk.se/skolan/elevforbundet/,ConfigureViewport,0.0
http://www.billstromska.fhsk.se/skolan/elevforbundet/,EnableGzipCompression,0.0
http://www.billstromska.fhsk.se/skolan/elevforbundet/,LeverageBrowserCaching,0.0
http://www.billstromska.fhsk.se/skolan/elevforbundet/,MainResourceServerResponseTime,0.0
http://www.billstromska.fhsk.se/skolan/elevforbundet/,MinifyCss,0.0
http://www.billstromska.fhsk.se/skolan/elevforbundet/,MinifyHTML,0.0
http://www.billstromska.fhsk.se/skolan/elevforbundet/,MinifyJavaScript,0.0
http://www.billstromska.fhsk.se/skolan/elevforbundet/,MinimizeRenderBlockingResources,0.0
http://www.billstromska.fhsk.se/skolan/elevforbundet/,OptimizeImages,0.2308
http://www.billstromska.fhsk.se/skolan/elevforbundet/,PrioritizeVisibleContent,0.0
http://www.billstromska.fhsk.se/skolan/elevforbundet/,SizeContentToViewport,0.0
http://www.billstromska.fhsk.se/skolan/elevforbundet/,SizeTapTargetsAppropriately,3.140138408304499
http://www.billstromska.fhsk.se/skolan/elevforbundet/,UseLegibleFontSizes,0.0
http://www.billstromska.fhsk.se/kurser/sommarkurs/yllebroderi/,SPEED,89
http://www.billstromska.fhsk.se/kurser/sommarkurs/yllebroderi/,USABILITY,96
http://www.billstromska.fhsk.se/kurser/sommarkurs/yllebroderi/,numberResources,24
http://www.billstromska.fhsk.se/kurser/sommarkurs/yllebroderi/,numberHosts,1
http://www.billstromska.fhsk.se/kurser/sommarkurs/yllebroderi/,totalRequestBytes,2406
http://www.billstromska.fhsk.se/kurser/sommarkurs/yllebroderi/,numberStaticResources,21
http://www.billstromska.fhsk.se/kurser/sommarkurs/yllebroderi/,htmlResponseBytes,84117
http://www.billstromska.fhsk.se/kurser/sommarkurs/yllebroderi/,cssResponseBytes,123670
http://www.billstromska.fhsk.se/kurser/sommarkurs/yllebroderi/,imageResponseBytes,121304
http://www.billstromska.fhsk.se/kurser/sommarkurs/yllebroderi/,javascriptResponseBytes,345026
http://www.billstromska.fhsk.se/kurser/sommarkurs/yllebroderi/,otherResponseBytes,67820
http://www.billstromska.fhsk.se/kurser/sommarkurs/yllebroderi/,numberJsResources,2
http://www.billstromska.fhsk.se/kurser/sommarkurs/yllebroderi/,numberCssResources,2
http://www.billstromska.fhsk.se/kurser/sommarkurs/yllebroderi/,AvoidLandingPageRedirects,0.0
http://www.billstromska.fhsk.se/kurser/sommarkurs/yllebroderi/,AvoidPlugins,0.0
http://www.billstromska.fhsk.se/kurser/sommarkurs/yllebroderi/,ConfigureViewport,0.0
http://www.billstromska.fhsk.se/kurser/sommarkurs/yllebroderi/,EnableGzipCompression,0.0
http://www.billstromska.fhsk.se/kurser/sommarkurs/yllebroderi/,LeverageBrowserCaching,0.0
http://www.billstromska.fhsk.se/kurser/sommarkurs/yllebroderi/,MainResourceServerResponseTime,2.31
http://www.billstromska.fhsk.se/kurser/sommarkurs/yllebroderi/,MinifyCss,0.0
http://www.billstromska.fhsk.se/kurser/sommarkurs/yllebroderi/,MinifyHTML,0.0
http://www.billstromska.fhsk.se/kurser/sommarkurs/yllebroderi/,MinifyJavaScript,0.0
http://www.billstromska.fhsk.se/kurser/sommarkurs/yllebroderi/,MinimizeRenderBlockingResources,0.0
http://www.billstromska.fhsk.se/kurser/sommarkurs/yllebroderi/,OptimizeImages,0.2308
http://www.billstromska.fhsk.se/kurser/sommarkurs/yllebroderi/,PrioritizeVisibleContent,8.0
http://www.billstromska.fhsk.se/kurser/sommarkurs/yllebroderi/,SizeContentToViewport,0.0
http://www.billstromska.fhsk.se/kurser/sommarkurs/yllebroderi/,SizeTapTargetsAppropriately,2.8009259259259265
http://www.billstromska.fhsk.se/kurser/sommarkurs/yllebroderi/,UseLegibleFontSizes,0.0
http://www.billstromska.fhsk.se/kurser/sommarkurs/akvarellmalning/,SPEED,91
http://www.billstromska.fhsk.se/kurser/sommarkurs/akvarellmalning/,USABILITY,96
http://www.billstromska.fhsk.se/kurser/sommarkurs/akvarellmalning/,numberResources,26
http://www.billstromska.fhsk.se/kurser/sommarkurs/akvarellmalning/,numberHosts,1
http://www.billstromska.fhsk.se/kurser/sommarkurs/akvarellmalning/,totalRequestBytes,2583
http://www.billstromska.fhsk.se/kurser/sommarkurs/akvarellmalning/,numberStaticResources,23
http://www.billstromska.fhsk.se/kurser/sommarkurs/akvarellmalning/,htmlResponseBytes,85408
http://www.billstromska.fhsk.se/kurser/sommarkurs/akvarellmalning/,cssResponseBytes,123670
http://www.billstromska.fhsk.se/kurser/sommarkurs/akvarellmalning/,imageResponseBytes,117754
http://www.billstromska.fhsk.se/kurser/sommarkurs/akvarellmalning/,javascriptResponseBytes,345026
http://www.billstromska.fhsk.se/kurser/sommarkurs/akvarellmalning/,otherResponseBytes,67820
http://www.billstromska.fhsk.se/kurser/sommarkurs/akvarellmalning/,numberJsResources,2
http://www.billstromska.fhsk.se/kurser/sommarkurs/akvarellmalning/,numberCssResources,2
http://www.billstromska.fhsk.se/kurser/sommarkurs/akvarellmalning/,AvoidLandingPageRedirects,0.0
http://www.billstromska.fhsk.se/kurser/sommarkurs/akvarellmalning/,AvoidPlugins,0.0
http://www.billstromska.fhsk.se/kurser/sommarkurs/akvarellmalning/,ConfigureViewport,0.0
http://www.billstromska.fhsk.se/kurser/sommarkurs/akvarellmalning/,EnableGzipCompression,0.0
http://www.billstromska.fhsk.se/kurser/sommarkurs/akvarellmalning/,LeverageBrowserCaching,0.0
http://www.billstromska.fhsk.se/kurser/sommarkurs/akvarellmalning/,MainResourceServerResponseTime,0.0
http://www.billstromska.fhsk.se/kurser/sommarkurs/akvarellmalning/,MinifyCss,0.0
http://www.billstromska.fhsk.se/kurser/sommarkurs/akvarellmalning/,MinifyHTML,0.0
http://www.billstromska.fhsk.se/kurser/sommarkurs/akvarellmalning/,MinifyJavaScript,0.0
http://www.billstromska.fhsk.se/kurser/sommarkurs/akvarellmalning/,MinimizeRenderBlockingResources,0.0
http://www.billstromska.fhsk.se/kurser/sommarkurs/akvarellmalning/,OptimizeImages,0.2308
http://www.billstromska.fhsk.se/kurser/sommarkurs/akvarellmalning/,PrioritizeVisibleContent,8.0
http://www.billstromska.fhsk.se/kurser/sommarkurs/akvarellmalning/,SizeContentToViewport,0.0
http://www.billstromska.fhsk.se/kurser/sommarkurs/akvarellmalning/,SizeTapTargetsAppropriately,2.6515704894083276
http://www.billstromska.fhsk.se/kurser/sommarkurs/akvarellmalning/,UseLegibleFontSizes,0.0
http://www.billstromska.fhsk.se/studerande/sjukanmalan/,SPEED,99
http://www.billstromska.fhsk.se/studerande/sjukanmalan/,USABILITY,96
http://www.billstromska.fhsk.se/studerande/sjukanmalan/,numberResources,23
http://www.billstromska.fhsk.se/studerande/sjukanmalan/,numberHosts,1
http://www.billstromska.fhsk.se/studerande/sjukanmalan/,totalRequestBytes,2249
http://www.billstromska.fhsk.se/studerande/sjukanmalan/,numberStaticResources,20
http://www.billstromska.fhsk.se/studerande/sjukanmalan/,htmlResponseBytes,80002
http://www.billstromska.fhsk.se/studerande/sjukanmalan/,cssResponseBytes,123670
http://www.billstromska.fhsk.se/studerande/sjukanmalan/,imageResponseBytes,42330
http://www.billstromska.fhsk.se/studerande/sjukanmalan/,javascriptResponseBytes,345026
http://www.billstromska.fhsk.se/studerande/sjukanmalan/,otherResponseBytes,67820
http://www.billstromska.fhsk.se/studerande/sjukanmalan/,numberJsResources,2
http://www.billstromska.fhsk.se/studerande/sjukanmalan/,numberCssResources,2
http://www.billstromska.fhsk.se/studerande/sjukanmalan/,AvoidLandingPageRedirects,0.0
http://www.billstromska.fhsk.se/studerande/sjukanmalan/,AvoidPlugins,0.0
http://www.billstromska.fhsk.se/studerande/sjukanmalan/,ConfigureViewport,0.0
http://www.billstromska.fhsk.se/studerande/sjukanmalan/,EnableGzipCompression,0.0
http://www.billstromska.fhsk.se/studerande/sjukanmalan/,LeverageBrowserCaching,0.0
http://www.billstromska.fhsk.se/studerande/sjukanmalan/,MainResourceServerResponseTime,0.0
http://www.billstromska.fhsk.se/studerande/sjukanmalan/,MinifyCss,0.0
http://www.billstromska.fhsk.se/studerande/sjukanmalan/,MinifyHTML,0.0
http://www.billstromska.fhsk.se/studerande/sjukanmalan/,MinifyJavaScript,0.0
http://www.billstromska.fhsk.se/studerande/sjukanmalan/,MinimizeRenderBlockingResources,0.0
http://www.billstromska.fhsk.se/studerande/sjukanmalan/,OptimizeImages,0.2308
http://www.billstromska.fhsk.se/studerande/sjukanmalan/,PrioritizeVisibleContent,0.0
http://www.billstromska.fhsk.se/studerande/sjukanmalan/,SizeContentToViewport,0.0
http://www.billstromska.fhsk.se/studerande/sjukanmalan/,SizeTapTargetsAppropriately,2.6515704894083276
http://www.billstromska.fhsk.se/studerande/sjukanmalan/,UseLegibleFontSizes,0.0
http://www.billstromska.fhsk.se/skolan/styrelse--forvaltning/,SPEED,99
http://www.billstromska.fhsk.se/skolan/styrelse--forvaltning/,USABILITY,96
http://www.billstromska.fhsk.se/skolan/styrelse--forvaltning/,numberResources,23
http://www.billstromska.fhsk.se/skolan/styrelse--forvaltning/,numberHosts,1
http://www.billstromska.fhsk.se/skolan/styrelse--forvaltning/,totalRequestBytes,2255
http://www.billstromska.fhsk.se/skolan/styrelse--forvaltning/,numberStaticResources,20
http://www.billstromska.fhsk.se/skolan/styrelse--forvaltning/,htmlResponseBytes,80377
http://www.billstromska.fhsk.se/skolan/styrelse--forvaltning/,cssResponseBytes,123670
http://www.billstromska.fhsk.se/skolan/styrelse--forvaltning/,imageResponseBytes,42330
http://www.billstromska.fhsk.se/skolan/styrelse--forvaltning/,javascriptResponseBytes,345026
http://www.billstromska.fhsk.se/skolan/styrelse--forvaltning/,otherResponseBytes,67820
http://www.billstromska.fhsk.se/skolan/styrelse--forvaltning/,numberJsResources,2
http://www.billstromska.fhsk.se/skolan/styrelse--forvaltning/,numberCssResources,2
http://www.billstromska.fhsk.se/skolan/styrelse--forvaltning/,AvoidLandingPageRedirects,0.0
http://www.billstromska.fhsk.se/skolan/styrelse--forvaltning/,AvoidPlugins,0.0
http://www.billstromska.fhsk.se/skolan/styrelse--forvaltning/,ConfigureViewport,0.0
http://www.billstromska.fhsk.se/skolan/styrelse--forvaltning/,EnableGzipCompression,0.0
http://www.billstromska.fhsk.se/skolan/styrelse--forvaltning/,LeverageBrowserCaching,0.0
http://www.billstromska.fhsk.se/skolan/styrelse--forvaltning/,MainResourceServerResponseTime,0.0
http://www.billstromska.fhsk.se/skolan/styrelse--forvaltning/,MinifyCss,0.0
http://www.billstromska.fhsk.se/skolan/styrelse--forvaltning/,MinifyHTML,0.0
http://www.billstromska.fhsk.se/skolan/styrelse--forvaltning/,MinifyJavaScript,0.0
http://www.billstromska.fhsk.se/skolan/styrelse--forvaltning/,MinimizeRenderBlockingResources,0.0
http://www.billstromska.fhsk.se/skolan/styrelse--forvaltning/,OptimizeImages,0.2308
http://www.billstromska.fhsk.se/skolan/styrelse--forvaltning/,PrioritizeVisibleContent,0.0
http://www.billstromska.fhsk.se/skolan/styrelse--forvaltning/,SizeContentToViewport,0.0
http://www.billstromska.fhsk.se/skolan/styrelse--forvaltning/,SizeTapTargetsAppropriately,2.8009259259259265
http://www.billstromska.fhsk.se/skolan/styrelse--forvaltning/,UseLegibleFontSizes,0.0
http://www.billstromska.fhsk.se/kurser/sommarkurs/sverige-och-svenska---svenskakurs/,SPEED,99
http://www.billstromska.fhsk.se/kurser/sommarkurs/sverige-och-svenska---svenskakurs/,USABILITY,97
http://www.billstromska.fhsk.se/kurser/sommarkurs/sverige-och-svenska---svenskakurs/,numberResources,25
http://www.billstromska.fhsk.se/kurser/sommarkurs/sverige-och-svenska---svenskakurs/,numberHosts,1
http://www.billstromska.fhsk.se/kurser/sommarkurs/sverige-och-svenska---svenskakurs/,totalRequestBytes,2451
http://www.billstromska.fhsk.se/kurser/sommarkurs/sverige-och-svenska---svenskakurs/,numberStaticResources,22
http://www.billstromska.fhsk.se/kurser/sommarkurs/sverige-och-svenska---svenskakurs/,htmlResponseBytes,88028
http://www.billstromska.fhsk.se/kurser/sommarkurs/sverige-och-svenska---svenskakurs/,cssResponseBytes,123670
http://www.billstromska.fhsk.se/kurser/sommarkurs/sverige-och-svenska---svenskakurs/,imageResponseBytes,43604
http://www.billstromska.fhsk.se/kurser/sommarkurs/sverige-och-svenska---svenskakurs/,javascriptResponseBytes,345026
http://www.billstromska.fhsk.se/kurser/sommarkurs/sverige-och-svenska---svenskakurs/,otherResponseBytes,67820
http://www.billstromska.fhsk.se/kurser/sommarkurs/sverige-och-svenska---svenskakurs/,numberJsResources,2
http://www.billstromska.fhsk.se/kurser/sommarkurs/sverige-och-svenska---svenskakurs/,numberCssResources,2
http://www.billstromska.fhsk.se/kurser/sommarkurs/sverige-och-svenska---svenskakurs/,AvoidLandingPageRedirects,0.0
http://www.billstromska.fhsk.se/kurser/sommarkurs/sverige-och-svenska---svenskakurs/,AvoidPlugins,0.0
http://www.billstromska.fhsk.se/kurser/sommarkurs/sverige-och-svenska---svenskakurs/,ConfigureViewport,0.0
http://www.billstromska.fhsk.se/kurser/sommarkurs/sverige-och-svenska---svenskakurs/,EnableGzipCompression,0.0
http://www.billstromska.fhsk.se/kurser/sommarkurs/sverige-och-svenska---svenskakurs/,LeverageBrowserCaching,0.0
http://www.billstromska.fhsk.se/kurser/sommarkurs/sverige-och-svenska---svenskakurs/,MainResourceServerResponseTime,0.0
http://www.billstromska.fhsk.se/kurser/sommarkurs/sverige-och-svenska---svenskakurs/,MinifyCss,0.0
http://www.billstromska.fhsk.se/kurser/sommarkurs/sverige-och-svenska---svenskakurs/,MinifyHTML,0.0
http://www.billstromska.fhsk.se/kurser/sommarkurs/sverige-och-svenska---svenskakurs/,MinifyJavaScript,0.0
http://www.billstromska.fhsk.se/kurser/sommarkurs/sverige-och-svenska---svenskakurs/,MinimizeRenderBlockingResources,0.0
http://www.billstromska.fhsk.se/kurser/sommarkurs/sverige-och-svenska---svenskakurs/,OptimizeImages,0.2308
http://www.billstromska.fhsk.se/kurser/sommarkurs/sverige-och-svenska---svenskakurs/,PrioritizeVisibleContent,0.0
http://www.billstromska.fhsk.se/kurser/sommarkurs/sverige-och-svenska---svenskakurs/,SizeContentToViewport,0.0
http://www.billstromska.fhsk.se/kurser/sommarkurs/sverige-och-svenska---svenskakurs/,SizeTapTargetsAppropriately,2.057823129251701
http://www.billstromska.fhsk.se/kurser/sommarkurs/sverige-och-svenska---svenskakurs/,UseLegibleFontSizes,0.0
http://www.billstromska.fhsk.se/skolan/historik/,SPEED,99
http://www.billstromska.fhsk.se/skolan/historik/,USABILITY,96
http://www.billstromska.fhsk.se/skolan/historik/,numberResources,23
http://www.billstromska.fhsk.se/skolan/historik/,numberHosts,1
http://www.billstromska.fhsk.se/skolan/historik/,totalRequestBytes,2242
http://www.billstromska.fhsk.se/skolan/historik/,numberStaticResources,20
http://www.billstromska.fhsk.se/skolan/historik/,htmlResponseBytes,79829
http://www.billstromska.fhsk.se/skolan/historik/,cssResponseBytes,123670
http://www.billstromska.fhsk.se/skolan/historik/,imageResponseBytes,42330
http://www.billstromska.fhsk.se/skolan/historik/,javascriptResponseBytes,345026
http://www.billstromska.fhsk.se/skolan/historik/,otherResponseBytes,67820
http://www.billstromska.fhsk.se/skolan/historik/,numberJsResources,2
http://www.billstromska.fhsk.se/skolan/historik/,numberCssResources,2
http://www.billstromska.fhsk.se/skolan/historik/,AvoidLandingPageRedirects,0.0
http://www.billstromska.fhsk.se/skolan/historik/,AvoidPlugins,0.0
http://www.billstromska.fhsk.se/skolan/historik/,ConfigureViewport,0.0
http://www.billstromska.fhsk.se/skolan/historik/,EnableGzipCompression,0.0
http://www.billstromska.fhsk.se/skolan/historik/,LeverageBrowserCaching,0.0
http://www.billstromska.fhsk.se/skolan/historik/,MainResourceServerResponseTime,0.0
http://www.billstromska.fhsk.se/skolan/historik/,MinifyCss,0.0
http://www.billstromska.fhsk.se/skolan/historik/,MinifyHTML,0.0
http://www.billstromska.fhsk.se/skolan/historik/,MinifyJavaScript,0.0
http://www.billstromska.fhsk.se/skolan/historik/,MinimizeRenderBlockingResources,0.0
http://www.billstromska.fhsk.se/skolan/historik/,OptimizeImages,0.2308
http://www.billstromska.fhsk.se/skolan/historik/,PrioritizeVisibleContent,0.0
http://www.billstromska.fhsk.se/skolan/historik/,SizeContentToViewport,0.0
http://www.billstromska.fhsk.se/skolan/historik/,SizeTapTargetsAppropriately,3.140138408304499
http://www.billstromska.fhsk.se/skolan/historik/,UseLegibleFontSizes,0.0
http://www.billstromska.fhsk.se/studerande/att-studera-pa-folkhogskola/,SPEED,98
http://www.billstromska.fhsk.se/studerande/att-studera-pa-folkhogskola/,USABILITY,97
http://www.billstromska.fhsk.se/studerande/att-studera-pa-folkhogskola/,numberResources,34
http://www.billstromska.fhsk.se/studerande/att-studera-pa-folkhogskola/,numberHosts,8
http://www.billstromska.fhsk.se/studerande/att-studera-pa-folkhogskola/,totalRequestBytes,4216
http://www.billstromska.fhsk.se/studerande/att-studera-pa-folkhogskola/,numberStaticResources,26
http://www.billstromska.fhsk.se/studerande/att-studera-pa-folkhogskola/,htmlResponseBytes,105901
http://www.billstromska.fhsk.se/studerande/att-studera-pa-folkhogskola/,cssResponseBytes,381073
http://www.billstromska.fhsk.se/studerande/att-studera-pa-folkhogskola/,imageResponseBytes,86537
http://www.billstromska.fhsk.se/studerande/att-studera-pa-folkhogskola/,javascriptResponseBytes,1660307
http://www.billstromska.fhsk.se/studerande/att-studera-pa-folkhogskola/,otherResponseBytes,88998
http://www.billstromska.fhsk.se/studerande/att-studera-pa-folkhogskola/,numberJsResources,7
http://www.billstromska.fhsk.se/studerande/att-studera-pa-folkhogskola/,numberCssResources,3
http://www.billstromska.fhsk.se/studerande/att-studera-pa-folkhogskola/,AvoidLandingPageRedirects,0.0
http://www.billstromska.fhsk.se/studerande/att-studera-pa-folkhogskola/,AvoidPlugins,0.0
http://www.billstromska.fhsk.se/studerande/att-studera-pa-folkhogskola/,ConfigureViewport,0.0
http://www.billstromska.fhsk.se/studerande/att-studera-pa-folkhogskola/,EnableGzipCompression,0.0
http://www.billstromska.fhsk.se/studerande/att-studera-pa-folkhogskola/,LeverageBrowserCaching,0.734375
http://www.billstromska.fhsk.se/studerande/att-studera-pa-folkhogskola/,MainResourceServerResponseTime,0.0
http://www.billstromska.fhsk.se/studerande/att-studera-pa-folkhogskola/,MinifyCss,0.0
http://www.billstromska.fhsk.se/studerande/att-studera-pa-folkhogskola/,MinifyHTML,0.0
http://www.billstromska.fhsk.se/studerande/att-studera-pa-folkhogskola/,MinifyJavaScript,0.0
http://www.billstromska.fhsk.se/studerande/att-studera-pa-folkhogskola/,MinimizeRenderBlockingResources,0.0
http://www.billstromska.fhsk.se/studerande/att-studera-pa-folkhogskola/,OptimizeImages,0.2308
http://www.billstromska.fhsk.se/studerande/att-studera-pa-folkhogskola/,PrioritizeVisibleContent,0.0
http://www.billstromska.fhsk.se/studerande/att-studera-pa-folkhogskola/,SizeContentToViewport,0.0
http://www.billstromska.fhsk.se/studerande/att-studera-pa-folkhogskola/,SizeTapTargetsAppropriately,1.7925925925925925
http://www.billstromska.fhsk.se/studerande/att-studera-pa-folkhogskola/,UseLegibleFontSizes,0.0
http://www.billstromska.fhsk.se/kurser/allman-kurs---naturvetenskapligt-basar/,SPEED,99
http://www.billstromska.fhsk.se/kurser/allman-kurs---naturvetenskapligt-basar/,USABILITY,97
http://www.billstromska.fhsk.se/kurser/allman-kurs---naturvetenskapligt-basar/,numberResources,29
http://www.billstromska.fhsk.se/kurser/allman-kurs---naturvetenskapligt-basar/,numberHosts,1
http://www.billstromska.fhsk.se/kurser/allman-kurs---naturvetenskapligt-basar/,totalRequestBytes,2968
http://www.billstromska.fhsk.se/kurser/allman-kurs---naturvetenskapligt-basar/,numberStaticResources,26
http://www.billstromska.fhsk.se/kurser/allman-kurs---naturvetenskapligt-basar/,htmlResponseBytes,90964
http://www.billstromska.fhsk.se/kurser/allman-kurs---naturvetenskapligt-basar/,cssResponseBytes,123670
http://www.billstromska.fhsk.se/kurser/allman-kurs---naturvetenskapligt-basar/,imageResponseBytes,389238
http://www.billstromska.fhsk.se/kurser/allman-kurs---naturvetenskapligt-basar/,javascriptResponseBytes,345026
http://www.billstromska.fhsk.se/kurser/allman-kurs---naturvetenskapligt-basar/,otherResponseBytes,67820
http://www.billstromska.fhsk.se/kurser/allman-kurs---naturvetenskapligt-basar/,numberJsResources,2
http://www.billstromska.fhsk.se/kurser/allman-kurs---naturvetenskapligt-basar/,numberCssResources,2
http://www.billstromska.fhsk.se/kurser/allman-kurs---naturvetenskapligt-basar/,AvoidLandingPageRedirects,0.0
http://www.billstromska.fhsk.se/kurser/allman-kurs---naturvetenskapligt-basar/,AvoidPlugins,0.0
http://www.billstromska.fhsk.se/kurser/allman-kurs---naturvetenskapligt-basar/,ConfigureViewport,0.0
http://www.billstromska.fhsk.se/kurser/allman-kurs---naturvetenskapligt-basar/,EnableGzipCompression,0.0
http://www.billstromska.fhsk.se/kurser/allman-kurs---naturvetenskapligt-basar/,LeverageBrowserCaching,0.0
http://www.billstromska.fhsk.se/kurser/allman-kurs---naturvetenskapligt-basar/,MainResourceServerResponseTime,0.0
http://www.billstromska.fhsk.se/kurser/allman-kurs---naturvetenskapligt-basar/,MinifyCss,0.0
http://www.billstromska.fhsk.se/kurser/allman-kurs---naturvetenskapligt-basar/,MinifyHTML,0.0
http://www.billstromska.fhsk.se/kurser/allman-kurs---naturvetenskapligt-basar/,MinifyJavaScript,0.0
http://www.billstromska.fhsk.se/kurser/allman-kurs---naturvetenskapligt-basar/,MinimizeRenderBlockingResources,0.0
http://www.billstromska.fhsk.se/kurser/allman-kurs---naturvetenskapligt-basar/,OptimizeImages,0.2308
http://www.billstromska.fhsk.se/kurser/allman-kurs---naturvetenskapligt-basar/,PrioritizeVisibleContent,0.0
http://www.billstromska.fhsk.se/kurser/allman-kurs---naturvetenskapligt-basar/,SizeContentToViewport,0.0
http://www.billstromska.fhsk.se/kurser/allman-kurs---naturvetenskapligt-basar/,SizeTapTargetsAppropriately,2.1594289113622844
http://www.billstromska.fhsk.se/kurser/allman-kurs---naturvetenskapligt-basar/,UseLegibleFontSizes,0.0
http://www.billstromska.fhsk.se/kontakt/,SPEED,99
http://www.billstromska.fhsk.se/kontakt/,USABILITY,97
http://www.billstromska.fhsk.se/kontakt/,numberResources,28
http://www.billstromska.fhsk.se/kontakt/,numberHosts,1
http://www.billstromska.fhsk.se/kontakt/,totalRequestBytes,2701
http://www.billstromska.fhsk.se/kontakt/,numberStaticResources,25
http://www.billstromska.fhsk.se/kontakt/,htmlResponseBytes,87089
http://www.billstromska.fhsk.se/kontakt/,cssResponseBytes,123670
http://www.billstromska.fhsk.se/kontakt/,imageResponseBytes,101538
http://www.billstromska.fhsk.se/kontakt/,javascriptResponseBytes,345026
http://www.billstromska.fhsk.se/kontakt/,otherResponseBytes,67820
http://www.billstromska.fhsk.se/kontakt/,numberJsResources,2
http://www.billstromska.fhsk.se/kontakt/,numberCssResources,2
http://www.billstromska.fhsk.se/kontakt/,AvoidLandingPageRedirects,0.0
http://www.billstromska.fhsk.se/kontakt/,AvoidPlugins,0.0
http://www.billstromska.fhsk.se/kontakt/,ConfigureViewport,0.0
http://www.billstromska.fhsk.se/kontakt/,EnableGzipCompression,0.0
http://www.billstromska.fhsk.se/kontakt/,LeverageBrowserCaching,0.0
http://www.billstromska.fhsk.se/kontakt/,MainResourceServerResponseTime,0.0
http://www.billstromska.fhsk.se/kontakt/,MinifyCss,0.0
http://www.billstromska.fhsk.se/kontakt/,MinifyHTML,0.0
http://www.billstromska.fhsk.se/kontakt/,MinifyJavaScript,0.0
http://www.billstromska.fhsk.se/kontakt/,MinimizeRenderBlockingResources,0.0
http://www.billstromska.fhsk.se/kontakt/,OptimizeImages,0.2308
http://www.billstromska.fhsk.se/kontakt/,PrioritizeVisibleContent,0.0
http://www.billstromska.fhsk.se/kontakt/,SizeContentToViewport,0.0
http://www.billstromska.fhsk.se/kontakt/,SizeTapTargetsAppropriately,2.1594289113622844
http://www.billstromska.fhsk.se/kontakt/,UseLegibleFontSizes,0.0
http://www.billstromska.fhsk.se/kurser/sommarkurs/frigorande-dans---body-spirit-move/,SPEED,99
http://www.billstromska.fhsk.se/kurser/sommarkurs/frigorande-dans---body-spirit-move/,USABILITY,96
http://www.billstromska.fhsk.se/kurser/sommarkurs/frigorande-dans---body-spirit-move/,numberResources,24
http://www.billstromska.fhsk.se/kurser/sommarkurs/frigorande-dans---body-spirit-move/,numberHosts,1
http://www.billstromska.fhsk.se/kurser/sommarkurs/frigorande-dans---body-spirit-move/,totalRequestBytes,2429
http://www.billstromska.fhsk.se/kurser/sommarkurs/frigorande-dans---body-spirit-move/,numberStaticResources,21
http://www.billstromska.fhsk.se/kurser/sommarkurs/frigorande-dans---body-spirit-move/,htmlResponseBytes,85858
http://www.billstromska.fhsk.se/kurser/sommarkurs/frigorande-dans---body-spirit-move/,cssResponseBytes,123670
http://www.billstromska.fhsk.se/kurser/sommarkurs/frigorande-dans---body-spirit-move/,imageResponseBytes,111059
http://www.billstromska.fhsk.se/kurser/sommarkurs/frigorande-dans---body-spirit-move/,javascriptResponseBytes,345026
http://www.billstromska.fhsk.se/kurser/sommarkurs/frigorande-dans---body-spirit-move/,otherResponseBytes,67820
http://www.billstromska.fhsk.se/kurser/sommarkurs/frigorande-dans---body-spirit-move/,numberJsResources,2
http://www.billstromska.fhsk.se/kurser/sommarkurs/frigorande-dans---body-spirit-move/,numberCssResources,2
http://www.billstromska.fhsk.se/kurser/sommarkurs/frigorande-dans---body-spirit-move/,AvoidLandingPageRedirects,0.0
http://www.billstromska.fhsk.se/kurser/sommarkurs/frigorande-dans---body-spirit-move/,AvoidPlugins,0.0
http://www.billstromska.fhsk.se/kurser/sommarkurs/frigorande-dans---body-spirit-move/,ConfigureViewport,0.0
http://www.billstromska.fhsk.se/kurser/sommarkurs/frigorande-dans---body-spirit-move/,EnableGzipCompression,0.0
http://www.billstromska.fhsk.se/kurser/sommarkurs/frigorande-dans---body-spirit-move/,LeverageBrowserCaching,0.0
http://www.billstromska.fhsk.se/kurser/sommarkurs/frigorande-dans---body-spirit-move/,MainResourceServerResponseTime,0.0
http://www.billstromska.fhsk.se/kurser/sommarkurs/frigorande-dans---body-spirit-move/,MinifyCss,0.0
http://www.billstromska.fhsk.se/kurser/sommarkurs/frigorande-dans---body-spirit-move/,MinifyHTML,0.0
http://www.billstromska.fhsk.se/kurser/sommarkurs/frigorande-dans---body-spirit-move/,MinifyJavaScript,0.0
http://www.billstromska.fhsk.se/kurser/sommarkurs/frigorande-dans---body-spirit-move/,MinimizeRenderBlockingResources,0.0
http://www.billstromska.fhsk.se/kurser/sommarkurs/frigorande-dans---body-spirit-move/,OptimizeImages,0.2308
http://www.billstromska.fhsk.se/kurser/sommarkurs/frigorande-dans---body-spirit-move/,PrioritizeVisibleContent,0.0
http://www.billstromska.fhsk.se/kurser/sommarkurs/frigorande-dans---body-spirit-move/,SizeContentToViewport,0.0
http://www.billstromska.fhsk.se/kurser/sommarkurs/frigorande-dans---body-spirit-move/,SizeTapTargetsAppropriately,2.6515704894083276
http://www.billstromska.fhsk.se/kurser/sommarkurs/frigorande-dans---body-spirit-move/,UseLegibleFontSizes,0.0
http://www.billstromska.fhsk.se/kurser/sommarkurs/handgjort-papper-och-fria-stygn/,SPEED,99
http://www.billstromska.fhsk.se/kurser/sommarkurs/handgjort-papper-och-fria-stygn/,USABILITY,96
http://www.billstromska.fhsk.se/kurser/sommarkurs/handgjort-papper-och-fria-stygn/,numberResources,26
http://www.billstromska.fhsk.se/kurser/sommarkurs/handgjort-papper-och-fria-stygn/,numberHosts,1
http://www.billstromska.fhsk.se/kurser/sommarkurs/handgjort-papper-och-fria-stygn/,totalRequestBytes,2599
http://www.billstromska.fhsk.se/kurser/sommarkurs/handgjort-papper-och-fria-stygn/,numberStaticResources,23
http://www.billstromska.fhsk.se/kurser/sommarkurs/handgjort-papper-och-fria-stygn/,htmlResponseBytes,85512
http://www.billstromska.fhsk.se/kurser/sommarkurs/handgjort-papper-och-fria-stygn/,cssResponseBytes,123670
http://www.billstromska.fhsk.se/kurser/sommarkurs/handgjort-papper-och-fria-stygn/,imageResponseBytes,111443
http://www.billstromska.fhsk.se/kurser/sommarkurs/handgjort-papper-och-fria-stygn/,javascriptResponseBytes,345026
http://www.billstromska.fhsk.se/kurser/sommarkurs/handgjort-papper-och-fria-stygn/,otherResponseBytes,67820
http://www.billstromska.fhsk.se/kurser/sommarkurs/handgjort-papper-och-fria-stygn/,numberJsResources,2
http://www.billstromska.fhsk.se/kurser/sommarkurs/handgjort-papper-och-fria-stygn/,numberCssResources,2
http://www.billstromska.fhsk.se/kurser/sommarkurs/handgjort-papper-och-fria-stygn/,AvoidLandingPageRedirects,0.0
http://www.billstromska.fhsk.se/kurser/sommarkurs/handgjort-papper-och-fria-stygn/,AvoidPlugins,0.0
http://www.billstromska.fhsk.se/kurser/sommarkurs/handgjort-papper-och-fria-stygn/,ConfigureViewport,0.0
http://www.billstromska.fhsk.se/kurser/sommarkurs/handgjort-papper-och-fria-stygn/,EnableGzipCompression,0.0
http://www.billstromska.fhsk.se/kurser/sommarkurs/handgjort-papper-och-fria-stygn/,LeverageBrowserCaching,0.0
http://www.billstromska.fhsk.se/kurser/sommarkurs/handgjort-papper-och-fria-stygn/,MainResourceServerResponseTime,0.0
http://www.billstromska.fhsk.se/kurser/sommarkurs/handgjort-papper-och-fria-stygn/,MinifyCss,0.0
http://www.billstromska.fhsk.se/kurser/sommarkurs/handgjort-papper-och-fria-stygn/,MinifyHTML,0.0
http://www.billstromska.fhsk.se/kurser/sommarkurs/handgjort-papper-och-fria-stygn/,MinifyJavaScript,0.0
http://www.billstromska.fhsk.se/kurser/sommarkurs/handgjort-papper-och-fria-stygn/,MinimizeRenderBlockingResources,0.0
http://www.billstromska.fhsk.se/kurser/sommarkurs/handgjort-papper-och-fria-stygn/,OptimizeImages,0.2308
http://www.billstromska.fhsk.se/kurser/sommarkurs/handgjort-papper-och-fria-stygn/,PrioritizeVisibleContent,0.0
http://www.billstromska.fhsk.se/kurser/sommarkurs/handgjort-papper-och-fria-stygn/,SizeContentToViewport,0.0
http://www.billstromska.fhsk.se/kurser/sommarkurs/handgjort-papper-och-fria-stygn/,SizeTapTargetsAppropriately,2.6515704894083276
http://www.billstromska.fhsk.se/kurser/sommarkurs/handgjort-papper-och-fria-stygn/,UseLegibleFontSizes,0.0
http://www.billstromska.fhsk.se/ansokan/antagningsprocessen/,SPEED,99
http://www.billstromska.fhsk.se/ansokan/antagningsprocessen/,USABILITY,96
http://www.billstromska.fhsk.se/ansokan/antagningsprocessen/,numberResources,23
http://www.billstromska.fhsk.se/ansokan/antagningsprocessen/,numberHosts,1
http://www.billstromska.fhsk.se/ansokan/antagningsprocessen/,totalRequestBytes,2254
http://www.billstromska.fhsk.se/ansokan/antagningsprocessen/,numberStaticResources,20
http://www.billstromska.fhsk.se/ansokan/antagningsprocessen/,htmlResponseBytes,78481
http://www.billstromska.fhsk.se/ansokan/antagningsprocessen/,cssResponseBytes,123670
http://www.billstromska.fhsk.se/ansokan/antagningsprocessen/,imageResponseBytes,42330
http://www.billstromska.fhsk.se/ansokan/antagningsprocessen/,javascriptResponseBytes,345026
http://www.billstromska.fhsk.se/ansokan/antagningsprocessen/,otherResponseBytes,67820
http://www.billstromska.fhsk.se/ansokan/antagningsprocessen/,numberJsResources,2
http://www.billstromska.fhsk.se/ansokan/antagningsprocessen/,numberCssResources,2
http://www.billstromska.fhsk.se/ansokan/antagningsprocessen/,AvoidLandingPageRedirects,0.0
http://www.billstromska.fhsk.se/ansokan/antagningsprocessen/,AvoidPlugins,0.0
http://www.billstromska.fhsk.se/ansokan/antagningsprocessen/,ConfigureViewport,0.0
http://www.billstromska.fhsk.se/ansokan/antagningsprocessen/,EnableGzipCompression,0.0
http://www.billstromska.fhsk.se/ansokan/antagningsprocessen/,LeverageBrowserCaching,0.0
http://www.billstromska.fhsk.se/ansokan/antagningsprocessen/,MainResourceServerResponseTime,0.0
http://www.billstromska.fhsk.se/ansokan/antagningsprocessen/,MinifyCss,0.0
http://www.billstromska.fhsk.se/ansokan/antagningsprocessen/,MinifyHTML,0.0
http://www.billstromska.fhsk.se/ansokan/antagningsprocessen/,MinifyJavaScript,0.0
http://www.billstromska.fhsk.se/ansokan/antagningsprocessen/,MinimizeRenderBlockingResources,0.0
http://www.billstromska.fhsk.se/ansokan/antagningsprocessen/,OptimizeImages,0.2308
http://www.billstromska.fhsk.se/ansokan/antagningsprocessen/,PrioritizeVisibleContent,0.0
http://www.billstromska.fhsk.se/ansokan/antagningsprocessen/,SizeContentToViewport,0.0
http://www.billstromska.fhsk.se/ansokan/antagningsprocessen/,SizeTapTargetsAppropriately,2.963265306122449
http://www.billstromska.fhsk.se/ansokan/antagningsprocessen/,UseLegibleFontSizes,0.0
http://www.billstromska.fhsk.se/aktuellt/,SPEED,99
http://www.billstromska.fhsk.se/aktuellt/,USABILITY,96
http://www.billstromska.fhsk.se/aktuellt/,numberResources,23
http://www.billstromska.fhsk.se/aktuellt/,numberHosts,1
http://www.billstromska.fhsk.se/aktuellt/,totalRequestBytes,2235
http://www.billstromska.fhsk.se/aktuellt/,numberStaticResources,20
http://www.billstromska.fhsk.se/aktuellt/,htmlResponseBytes,77081
http://www.billstromska.fhsk.se/aktuellt/,cssResponseBytes,123670
http://www.billstromska.fhsk.se/aktuellt/,imageResponseBytes,42330
http://www.billstromska.fhsk.se/aktuellt/,javascriptResponseBytes,345026
http://www.billstromska.fhsk.se/aktuellt/,otherResponseBytes,67820
http://www.billstromska.fhsk.se/aktuellt/,numberJsResources,2
http://www.billstromska.fhsk.se/aktuellt/,numberCssResources,2
http://www.billstromska.fhsk.se/aktuellt/,AvoidLandingPageRedirects,0.0
http://www.billstromska.fhsk.se/aktuellt/,AvoidPlugins,0.0
http://www.billstromska.fhsk.se/aktuellt/,ConfigureViewport,0.0
http://www.billstromska.fhsk.se/aktuellt/,EnableGzipCompression,0.0
http://www.billstromska.fhsk.se/aktuellt/,LeverageBrowserCaching,0.0
http://www.billstromska.fhsk.se/aktuellt/,MainResourceServerResponseTime,0.0
http://www.billstromska.fhsk.se/aktuellt/,MinifyCss,0.0
http://www.billstromska.fhsk.se/aktuellt/,MinifyHTML,0.0
http://www.billstromska.fhsk.se/aktuellt/,MinifyJavaScript,0.0
http://www.billstromska.fhsk.se/aktuellt/,MinimizeRenderBlockingResources,0.0
http://www.billstromska.fhsk.se/aktuellt/,OptimizeImages,0.2308
http://www.billstromska.fhsk.se/aktuellt/,PrioritizeVisibleContent,0.0
http://www.billstromska.fhsk.se/aktuellt/,SizeContentToViewport,0.0
http://www.billstromska.fhsk.se/aktuellt/,SizeTapTargetsAppropriately,3.140138408304499
http://www.billstromska.fhsk.se/aktuellt/,UseLegibleFontSizes,0.0
http://www.billstromska.fhsk.se/kurser/musiklinje/antagning/,SPEED,91
http://www.billstromska.fhsk.se/kurser/musiklinje/antagning/,USABILITY,96
http://www.billstromska.fhsk.se/kurser/musiklinje/antagning/,numberResources,23
http://www.billstromska.fhsk.se/kurser/musiklinje/antagning/,numberHosts,1
http://www.billstromska.fhsk.se/kurser/musiklinje/antagning/,totalRequestBytes,2315
http://www.billstromska.fhsk.se/kurser/musiklinje/antagning/,numberStaticResources,20
http://www.billstromska.fhsk.se/kurser/musiklinje/antagning/,htmlResponseBytes,81883
http://www.billstromska.fhsk.se/kurser/musiklinje/antagning/,cssResponseBytes,123670
http://www.billstromska.fhsk.se/kurser/musiklinje/antagning/,imageResponseBytes,73083
http://www.billstromska.fhsk.se/kurser/musiklinje/antagning/,javascriptResponseBytes,345026
http://www.billstromska.fhsk.se/kurser/musiklinje/antagning/,otherResponseBytes,67820
http://www.billstromska.fhsk.se/kurser/musiklinje/antagning/,numberJsResources,2
http://www.billstromska.fhsk.se/kurser/musiklinje/antagning/,numberCssResources,2
http://www.billstromska.fhsk.se/kurser/musiklinje/antagning/,AvoidLandingPageRedirects,0.0
http://www.billstromska.fhsk.se/kurser/musiklinje/antagning/,AvoidPlugins,0.0
http://www.billstromska.fhsk.se/kurser/musiklinje/antagning/,ConfigureViewport,0.0
http://www.billstromska.fhsk.se/kurser/musiklinje/antagning/,EnableGzipCompression,0.0
http://www.billstromska.fhsk.se/kurser/musiklinje/antagning/,LeverageBrowserCaching,0.0
http://www.billstromska.fhsk.se/kurser/musiklinje/antagning/,MainResourceServerResponseTime,0.0
http://www.billstromska.fhsk.se/kurser/musiklinje/antagning/,MinifyCss,0.0
http://www.billstromska.fhsk.se/kurser/musiklinje/antagning/,MinifyHTML,0.0
http://www.billstromska.fhsk.se/kurser/musiklinje/antagning/,MinifyJavaScript,0.0
http://www.billstromska.fhsk.se/kurser/musiklinje/antagning/,MinimizeRenderBlockingResources,0.0
http://www.billstromska.fhsk.se/kurser/musiklinje/antagning/,OptimizeImages,0.2308
http://www.billstromska.fhsk.se/kurser/musiklinje/antagning/,PrioritizeVisibleContent,8.0
http://www.billstromska.fhsk.se/kurser/musiklinje/antagning/,SizeContentToViewport,0.0
http://www.billstromska.fhsk.se/kurser/musiklinje/antagning/,SizeTapTargetsAppropriately,3.140138408304499
http://www.billstromska.fhsk.se/kurser/musiklinje/antagning/,UseLegibleFontSizes,0.0
http://www.billstromska.fhsk.se/kontakt/all-personal/,SPEED,98
http://www.billstromska.fhsk.se/kontakt/all-personal/,USABILITY,81
http://www.billstromska.fhsk.se/kontakt/all-personal/,numberResources,23
http://www.billstromska.fhsk.se/kontakt/all-personal/,numberHosts,1
http://www.billstromska.fhsk.se/kontakt/all-personal/,totalRequestBytes,2247
http://www.billstromska.fhsk.se/kontakt/all-personal/,numberStaticResources,20
http://www.billstromska.fhsk.se/kontakt/all-personal/,htmlResponseBytes,88903
http://www.billstromska.fhsk.se/kontakt/all-personal/,cssResponseBytes,123670
http://www.billstromska.fhsk.se/kontakt/all-personal/,imageResponseBytes,42330
http://www.billstromska.fhsk.se/kontakt/all-personal/,javascriptResponseBytes,345026
http://www.billstromska.fhsk.se/kontakt/all-personal/,otherResponseBytes,67820
http://www.billstromska.fhsk.se/kontakt/all-personal/,numberJsResources,2
http://www.billstromska.fhsk.se/kontakt/all-personal/,numberCssResources,2
http://www.billstromska.fhsk.se/kontakt/all-personal/,AvoidLandingPageRedirects,0.0
http://www.billstromska.fhsk.se/kontakt/all-personal/,AvoidPlugins,0.0
http://www.billstromska.fhsk.se/kontakt/all-personal/,ConfigureViewport,0.0
http://www.billstromska.fhsk.se/kontakt/all-personal/,EnableGzipCompression,0.0
http://www.billstromska.fhsk.se/kontakt/all-personal/,LeverageBrowserCaching,0.0
http://www.billstromska.fhsk.se/kontakt/all-personal/,MainResourceServerResponseTime,0.66
http://www.billstromska.fhsk.se/kontakt/all-personal/,MinifyCss,0.0
http://www.billstromska.fhsk.se/kontakt/all-personal/,MinifyHTML,0.0
http://www.billstromska.fhsk.se/kontakt/all-personal/,MinifyJavaScript,0.0
http://www.billstromska.fhsk.se/kontakt/all-personal/,MinimizeRenderBlockingResources,0.0
http://www.billstromska.fhsk.se/kontakt/all-personal/,OptimizeImages,0.2308
http://www.billstromska.fhsk.se/kontakt/all-personal/,PrioritizeVisibleContent,0.0
http://www.billstromska.fhsk.se/kontakt/all-personal/,SizeContentToViewport,18.569827015469738
http://www.billstromska.fhsk.se/kontakt/all-personal/,SizeTapTargetsAppropriately,3.140138408304499
http://www.billstromska.fhsk.se/kontakt/all-personal/,UseLegibleFontSizes,0.0
http://www.billstromska.fhsk.se/skolan/internat/,SPEED,91
http://www.billstromska.fhsk.se/skolan/internat/,USABILITY,96
http://www.billstromska.fhsk.se/skolan/internat/,numberResources,24
http://www.billstromska.fhsk.se/skolan/internat/,numberHosts,1
http://www.billstromska.fhsk.se/skolan/internat/,totalRequestBytes,2392
http://www.billstromska.fhsk.se/skolan/internat/,numberStaticResources,21
http://www.billstromska.fhsk.se/skolan/internat/,htmlResponseBytes,80591
http://www.billstromska.fhsk.se/skolan/internat/,cssResponseBytes,123670
http://www.billstromska.fhsk.se/skolan/internat/,imageResponseBytes,152914
http://www.billstromska.fhsk.se/skolan/internat/,javascriptResponseBytes,345026
http://www.billstromska.fhsk.se/skolan/internat/,otherResponseBytes,67820
http://www.billstromska.fhsk.se/skolan/internat/,numberJsResources,2
http://www.billstromska.fhsk.se/skolan/internat/,numberCssResources,2
http://www.billstromska.fhsk.se/skolan/internat/,AvoidLandingPageRedirects,0.0
http://www.billstromska.fhsk.se/skolan/internat/,AvoidPlugins,0.0
http://www.billstromska.fhsk.se/skolan/internat/,ConfigureViewport,0.0
http://www.billstromska.fhsk.se/skolan/internat/,EnableGzipCompression,0.0
http://www.billstromska.fhsk.se/skolan/internat/,LeverageBrowserCaching,0.0
http://www.billstromska.fhsk.se/skolan/internat/,MainResourceServerResponseTime,0.0
http://www.billstromska.fhsk.se/skolan/internat/,MinifyCss,0.0
http://www.billstromska.fhsk.se/skolan/internat/,MinifyHTML,0.0
http://www.billstromska.fhsk.se/skolan/internat/,MinifyJavaScript,0.0
http://www.billstromska.fhsk.se/skolan/internat/,MinimizeRenderBlockingResources,0.0
http://www.billstromska.fhsk.se/skolan/internat/,OptimizeImages,0.2308
http://www.billstromska.fhsk.se/skolan/internat/,PrioritizeVisibleContent,8.0
http://www.billstromska.fhsk.se/skolan/internat/,SizeContentToViewport,0.0
http://www.billstromska.fhsk.se/skolan/internat/,SizeTapTargetsAppropriately,3.140138408304499
http://www.billstromska.fhsk.se/skolan/internat/,UseLegibleFontSizes,0.0
http://www.billstromska.fhsk.se/kurser/,SPEED,98
http://www.billstromska.fhsk.se/kurser/,USABILITY,95
http://www.billstromska.fhsk.se/kurser/,numberResources,23
http://www.billstromska.fhsk.se/kurser/,numberHosts,1
http://www.billstromska.fhsk.se/kurser/,totalRequestBytes,2233
http://www.billstromska.fhsk.se/kurser/,numberStaticResources,20
http://www.billstromska.fhsk.se/kurser/,htmlResponseBytes,78132
http://www.billstromska.fhsk.se/kurser/,cssResponseBytes,123670
http://www.billstromska.fhsk.se/kurser/,imageResponseBytes,42330
http://www.billstromska.fhsk.se/kurser/,javascriptResponseBytes,345026
http://www.billstromska.fhsk.se/kurser/,otherResponseBytes,67820
http://www.billstromska.fhsk.se/kurser/,numberJsResources,2
http://www.billstromska.fhsk.se/kurser/,numberCssResources,2
http://www.billstromska.fhsk.se/kurser/,AvoidLandingPageRedirects,0.0
http://www.billstromska.fhsk.se/kurser/,AvoidPlugins,0.0
http://www.billstromska.fhsk.se/kurser/,ConfigureViewport,0.0
http://www.billstromska.fhsk.se/kurser/,EnableGzipCompression,0.0
http://www.billstromska.fhsk.se/kurser/,LeverageBrowserCaching,0.0
http://www.billstromska.fhsk.se/kurser/,MainResourceServerResponseTime,0.81
http://www.billstromska.fhsk.se/kurser/,MinifyCss,0.0
http://www.billstromska.fhsk.se/kurser/,MinifyHTML,0.0
http://www.billstromska.fhsk.se/kurser/,MinifyJavaScript,0.0
http://www.billstromska.fhsk.se/kurser/,MinimizeRenderBlockingResources,0.0
http://www.billstromska.fhsk.se/kurser/,OptimizeImages,0.2308
http://www.billstromska.fhsk.se/kurser/,PrioritizeVisibleContent,0.0
http://www.billstromska.fhsk.se/kurser/,SizeContentToViewport,0.0
http://www.billstromska.fhsk.se/kurser/,SizeTapTargetsAppropriately,3.912037037037037
http://www.billstromska.fhsk.se/kurser/,UseLegibleFontSizes,0.0
http://www.billstromska.fhsk.se/studerande/terminskostnader/,SPEED,98
http://www.billstromska.fhsk.se/studerande/terminskostnader/,USABILITY,96
http://www.billstromska.fhsk.se/studerande/terminskostnader/,numberResources,23
http://www.billstromska.fhsk.se/studerande/terminskostnader/,numberHosts,1
http://www.billstromska.fhsk.se/studerande/terminskostnader/,totalRequestBytes,2254
http://www.billstromska.fhsk.se/studerande/terminskostnader/,numberStaticResources,20
http://www.billstromska.fhsk.se/studerande/terminskostnader/,htmlResponseBytes,78554
http://www.billstromska.fhsk.se/studerande/terminskostnader/,cssResponseBytes,123670
http://www.billstromska.fhsk.se/studerande/terminskostnader/,imageResponseBytes,42330
http://www.billstromska.fhsk.se/studerande/terminskostnader/,javascriptResponseBytes,345026
http://www.billstromska.fhsk.se/studerande/terminskostnader/,otherResponseBytes,67820
http://www.billstromska.fhsk.se/studerande/terminskostnader/,numberJsResources,2
http://www.billstromska.fhsk.se/studerande/terminskostnader/,numberCssResources,2
http://www.billstromska.fhsk.se/studerande/terminskostnader/,AvoidLandingPageRedirects,0.0
http://www.billstromska.fhsk.se/studerande/terminskostnader/,AvoidPlugins,0.0
http://www.billstromska.fhsk.se/studerande/terminskostnader/,ConfigureViewport,0.0
http://www.billstromska.fhsk.se/studerande/terminskostnader/,EnableGzipCompression,0.0
http://www.billstromska.fhsk.se/studerande/terminskostnader/,LeverageBrowserCaching,0.0
http://www.billstromska.fhsk.se/studerande/terminskostnader/,MainResourceServerResponseTime,1.02
http://www.billstromska.fhsk.se/studerande/terminskostnader/,MinifyCss,0.0
http://www.billstromska.fhsk.se/studerande/terminskostnader/,MinifyHTML,0.0
http://www.billstromska.fhsk.se/studerande/terminskostnader/,MinifyJavaScript,0.0
http://www.billstromska.fhsk.se/studerande/terminskostnader/,MinimizeRenderBlockingResources,0.0
http://www.billstromska.fhsk.se/studerande/terminskostnader/,OptimizeImages,0.2308
http://www.billstromska.fhsk.se/studerande/terminskostnader/,PrioritizeVisibleContent,0.0
http://www.billstromska.fhsk.se/studerande/terminskostnader/,SizeContentToViewport,0.0
http://www.billstromska.fhsk.se/studerande/terminskostnader/,SizeTapTargetsAppropriately,3.140138408304499
http://www.billstromska.fhsk.se/studerande/terminskostnader/,UseLegibleFontSizes,0.0
http://www.billstromska.fhsk.se/studerande/,SPEED,99
http://www.billstromska.fhsk.se/studerande/,USABILITY,96
http://www.billstromska.fhsk.se/studerande/,numberResources,23
http://www.billstromska.fhsk.se/studerande/,numberHosts,1
http://www.billstromska.fhsk.se/studerande/,totalRequestBytes,2237
http://www.billstromska.fhsk.se/studerande/,numberStaticResources,20
http://www.billstromska.fhsk.se/studerande/,htmlResponseBytes,77865
http://www.billstromska.fhsk.se/studerande/,cssResponseBytes,123670
http://www.billstromska.fhsk.se/studerande/,imageResponseBytes,42330
http://www.billstromska.fhsk.se/studerande/,javascriptResponseBytes,345026
http://www.billstromska.fhsk.se/studerande/,otherResponseBytes,67820
http://www.billstromska.fhsk.se/studerande/,numberJsResources,2
http://www.billstromska.fhsk.se/studerande/,numberCssResources,2
http://www.billstromska.fhsk.se/studerande/,AvoidLandingPageRedirects,0.0
http://www.billstromska.fhsk.se/studerande/,AvoidPlugins,0.0
http://www.billstromska.fhsk.se/studerande/,ConfigureViewport,0.0
http://www.billstromska.fhsk.se/studerande/,EnableGzipCompression,0.0
http://www.billstromska.fhsk.se/studerande/,LeverageBrowserCaching,0.0
http://www.billstromska.fhsk.se/studerande/,MainResourceServerResponseTime,0.0
http://www.billstromska.fhsk.se/studerande/,MinifyCss,0.0
http://www.billstromska.fhsk.se/studerande/,MinifyHTML,0.0
http://www.billstromska.fhsk.se/studerande/,MinifyJavaScript,0.0
http://www.billstromska.fhsk.se/studerande/,MinimizeRenderBlockingResources,0.0
http://www.billstromska.fhsk.se/studerande/,OptimizeImages,0.2308
http://www.billstromska.fhsk.se/studerande/,PrioritizeVisibleContent,0.0
http://www.billstromska.fhsk.se/studerande/,SizeContentToViewport,0.0
http://www.billstromska.fhsk.se/studerande/,SizeTapTargetsAppropriately,3.333333333333333
http://www.billstromska.fhsk.se/studerande/,UseLegibleFontSizes,0.0
http://www.billstromska.fhsk.se/kurser/sommarkurs/,SPEED,90
http://www.billstromska.fhsk.se/kurser/sommarkurs/,USABILITY,96
http://www.billstromska.fhsk.se/kurser/sommarkurs/,numberResources,24
http://www.billstromska.fhsk.se/kurser/sommarkurs/,numberHosts,1
http://www.billstromska.fhsk.se/kurser/sommarkurs/,totalRequestBytes,2394
http://www.billstromska.fhsk.se/kurser/sommarkurs/,numberStaticResources,21
http://www.billstromska.fhsk.se/kurser/sommarkurs/,htmlResponseBytes,82174
http://www.billstromska.fhsk.se/kurser/sommarkurs/,cssResponseBytes,123670
http://www.billstromska.fhsk.se/kurser/sommarkurs/,imageResponseBytes,134150
http://www.billstromska.fhsk.se/kurser/sommarkurs/,javascriptResponseBytes,345026
http://www.billstromska.fhsk.se/kurser/sommarkurs/,otherResponseBytes,67820
http://www.billstromska.fhsk.se/kurser/sommarkurs/,numberJsResources,2
http://www.billstromska.fhsk.se/kurser/sommarkurs/,numberCssResources,2
http://www.billstromska.fhsk.se/kurser/sommarkurs/,AvoidLandingPageRedirects,0.0
http://www.billstromska.fhsk.se/kurser/sommarkurs/,AvoidPlugins,0.0
http://www.billstromska.fhsk.se/kurser/sommarkurs/,ConfigureViewport,0.0
http://www.billstromska.fhsk.se/kurser/sommarkurs/,EnableGzipCompression,0.0
http://www.billstromska.fhsk.se/kurser/sommarkurs/,LeverageBrowserCaching,0.0
http://www.billstromska.fhsk.se/kurser/sommarkurs/,MainResourceServerResponseTime,1.02
http://www.billstromska.fhsk.se/kurser/sommarkurs/,MinifyCss,0.0
http://www.billstromska.fhsk.se/kurser/sommarkurs/,MinifyHTML,0.0
http://www.billstromska.fhsk.se/kurser/sommarkurs/,MinifyJavaScript,0.0
http://www.billstromska.fhsk.se/kurser/sommarkurs/,MinimizeRenderBlockingResources,0.0
http://www.billstromska.fhsk.se/kurser/sommarkurs/,OptimizeImages,0.2308
http://www.billstromska.fhsk.se/kurser/sommarkurs/,PrioritizeVisibleContent,8.0
http://www.billstromska.fhsk.se/kurser/sommarkurs/,SizeContentToViewport,0.0
http://www.billstromska.fhsk.se/kurser/sommarkurs/,SizeTapTargetsAppropriately,3.140138408304499
http://www.billstromska.fhsk.se/kurser/sommarkurs/,UseLegibleFontSizes,0.0
http://www.billstromska.fhsk.se/skolan/,SPEED,91
http://www.billstromska.fhsk.se/skolan/,USABILITY,96
http://www.billstromska.fhsk.se/skolan/,numberResources,24
http://www.billstromska.fhsk.se/skolan/,numberHosts,1
http://www.billstromska.fhsk.se/skolan/,totalRequestBytes,2383
http://www.billstromska.fhsk.se/skolan/,numberStaticResources,21
http://www.billstromska.fhsk.se/skolan/,htmlResponseBytes,81703
http://www.billstromska.fhsk.se/skolan/,cssResponseBytes,123670
http://www.billstromska.fhsk.se/skolan/,imageResponseBytes,147258
http://www.billstromska.fhsk.se/skolan/,javascriptResponseBytes,345026
http://www.billstromska.fhsk.se/skolan/,otherResponseBytes,67820
http://www.billstromska.fhsk.se/skolan/,numberJsResources,2
http://www.billstromska.fhsk.se/skolan/,numberCssResources,2
http://www.billstromska.fhsk.se/skolan/,AvoidLandingPageRedirects,0.0
http://www.billstromska.fhsk.se/skolan/,AvoidPlugins,0.0
http://www.billstromska.fhsk.se/skolan/,ConfigureViewport,0.0
http://www.billstromska.fhsk.se/skolan/,EnableGzipCompression,0.0
http://www.billstromska.fhsk.se/skolan/,LeverageBrowserCaching,0.0
http://www.billstromska.fhsk.se/skolan/,MainResourceServerResponseTime,0.0
http://www.billstromska.fhsk.se/skolan/,MinifyCss,0.0
http://www.billstromska.fhsk.se/skolan/,MinifyHTML,0.0
http://www.billstromska.fhsk.se/skolan/,MinifyJavaScript,0.0
http://www.billstromska.fhsk.se/skolan/,MinimizeRenderBlockingResources,0.0
http://www.billstromska.fhsk.se/skolan/,OptimizeImages,0.2308
http://www.billstromska.fhsk.se/skolan/,PrioritizeVisibleContent,8.0
http://www.billstromska.fhsk.se/skolan/,SizeContentToViewport,0.0
http://www.billstromska.fhsk.se/skolan/,SizeTapTargetsAppropriately,3.333333333333333
http://www.billstromska.fhsk.se/skolan/,UseLegibleFontSizes,0.0
http://www.billstromska.fhsk.se/kurser/sommarkurs/spinna-sticka-smycka-ditt-plagg/,SPEED,99
http://www.billstromska.fhsk.se/kurser/sommarkurs/spinna-sticka-smycka-ditt-plagg/,USABILITY,97
http://www.billstromska.fhsk.se/kurser/sommarkurs/spinna-sticka-smycka-ditt-plagg/,numberResources,25
http://www.billstromska.fhsk.se/kurser/sommarkurs/spinna-sticka-smycka-ditt-plagg/,numberHosts,1
http://www.billstromska.fhsk.se/kurser/sommarkurs/spinna-sticka-smycka-ditt-plagg/,totalRequestBytes,2449
http://www.billstromska.fhsk.se/kurser/sommarkurs/spinna-sticka-smycka-ditt-plagg/,numberStaticResources,22
http://www.billstromska.fhsk.se/kurser/sommarkurs/spinna-sticka-smycka-ditt-plagg/,htmlResponseBytes,88266
http://www.billstromska.fhsk.se/kurser/sommarkurs/spinna-sticka-smycka-ditt-plagg/,cssResponseBytes,123670
http://www.billstromska.fhsk.se/kurser/sommarkurs/spinna-sticka-smycka-ditt-plagg/,imageResponseBytes,43604
http://www.billstromska.fhsk.se/kurser/sommarkurs/spinna-sticka-smycka-ditt-plagg/,javascriptResponseBytes,345026
http://www.billstromska.fhsk.se/kurser/sommarkurs/spinna-sticka-smycka-ditt-plagg/,otherResponseBytes,67820
http://www.billstromska.fhsk.se/kurser/sommarkurs/spinna-sticka-smycka-ditt-plagg/,numberJsResources,2
http://www.billstromska.fhsk.se/kurser/sommarkurs/spinna-sticka-smycka-ditt-plagg/,numberCssResources,2
http://www.billstromska.fhsk.se/kurser/sommarkurs/spinna-sticka-smycka-ditt-plagg/,AvoidLandingPageRedirects,0.0
http://www.billstromska.fhsk.se/kurser/sommarkurs/spinna-sticka-smycka-ditt-plagg/,AvoidPlugins,0.0
http://www.billstromska.fhsk.se/kurser/sommarkurs/spinna-sticka-smycka-ditt-plagg/,ConfigureViewport,0.0
http://www.billstromska.fhsk.se/kurser/sommarkurs/spinna-sticka-smycka-ditt-plagg/,EnableGzipCompression,0.0
http://www.billstromska.fhsk.se/kurser/sommarkurs/spinna-sticka-smycka-ditt-plagg/,LeverageBrowserCaching,0.0
http://www.billstromska.fhsk.se/kurser/sommarkurs/spinna-sticka-smycka-ditt-plagg/,MainResourceServerResponseTime,0.0
http://www.billstromska.fhsk.se/kurser/sommarkurs/spinna-sticka-smycka-ditt-plagg/,MinifyCss,0.0
http://www.billstromska.fhsk.se/kurser/sommarkurs/spinna-sticka-smycka-ditt-plagg/,MinifyHTML,0.0
http://www.billstromska.fhsk.se/kurser/sommarkurs/spinna-sticka-smycka-ditt-plagg/,MinifyJavaScript,0.0
http://www.billstromska.fhsk.se/kurser/sommarkurs/spinna-sticka-smycka-ditt-plagg/,MinimizeRenderBlockingResources,0.0
http://www.billstromska.fhsk.se/kurser/sommarkurs/spinna-sticka-smycka-ditt-plagg/,OptimizeImages,0.2308
http://www.billstromska.fhsk.se/kurser/sommarkurs/spinna-sticka-smycka-ditt-plagg/,PrioritizeVisibleContent,0.0
http://www.billstromska.fhsk.se/kurser/sommarkurs/spinna-sticka-smycka-ditt-plagg/,SizeContentToViewport,0.0
http://www.billstromska.fhsk.se/kurser/sommarkurs/spinna-sticka-smycka-ditt-plagg/,SizeTapTargetsAppropriately,2.5138504155124655
http://www.billstromska.fhsk.se/kurser/sommarkurs/spinna-sticka-smycka-ditt-plagg/,UseLegibleFontSizes,0.0
http://www.billstromska.fhsk.se/kurser/de-ungas-ratt/,SPEED,91
http://www.billstromska.fhsk.se/kurser/de-ungas-ratt/,USABILITY,97
http://www.billstromska.fhsk.se/kurser/de-ungas-ratt/,numberResources,38
http://www.billstromska.fhsk.se/kurser/de-ungas-ratt/,numberHosts,1
http://www.billstromska.fhsk.se/kurser/de-ungas-ratt/,totalRequestBytes,3965
http://www.billstromska.fhsk.se/kurser/de-ungas-ratt/,numberStaticResources,35
http://www.billstromska.fhsk.se/kurser/de-ungas-ratt/,htmlResponseBytes,117474
http://www.billstromska.fhsk.se/kurser/de-ungas-ratt/,cssResponseBytes,123670
http://www.billstromska.fhsk.se/kurser/de-ungas-ratt/,imageResponseBytes,859964
http://www.billstromska.fhsk.se/kurser/de-ungas-ratt/,javascriptResponseBytes,345026
http://www.billstromska.fhsk.se/kurser/de-ungas-ratt/,otherResponseBytes,67820
http://www.billstromska.fhsk.se/kurser/de-ungas-ratt/,numberJsResources,2
http://www.billstromska.fhsk.se/kurser/de-ungas-ratt/,numberCssResources,2
http://www.billstromska.fhsk.se/kurser/de-ungas-ratt/,AvoidLandingPageRedirects,0.0
http://www.billstromska.fhsk.se/kurser/de-ungas-ratt/,AvoidPlugins,0.0
http://www.billstromska.fhsk.se/kurser/de-ungas-ratt/,ConfigureViewport,0.0
http://www.billstromska.fhsk.se/kurser/de-ungas-ratt/,EnableGzipCompression,0.0
http://www.billstromska.fhsk.se/kurser/de-ungas-ratt/,LeverageBrowserCaching,0.0
http://www.billstromska.fhsk.se/kurser/de-ungas-ratt/,MainResourceServerResponseTime,0.0
http://www.billstromska.fhsk.se/kurser/de-ungas-ratt/,MinifyCss,0.0
http://www.billstromska.fhsk.se/kurser/de-ungas-ratt/,MinifyHTML,0.0
http://www.billstromska.fhsk.se/kurser/de-ungas-ratt/,MinifyJavaScript,0.0
http://www.billstromska.fhsk.se/kurser/de-ungas-ratt/,MinimizeRenderBlockingResources,0.0
http://www.billstromska.fhsk.se/kurser/de-ungas-ratt/,OptimizeImages,0.2308
http://www.billstromska.fhsk.se/kurser/de-ungas-ratt/,PrioritizeVisibleContent,8.0
http://www.billstromska.fhsk.se/kurser/de-ungas-ratt/,SizeContentToViewport,0.0
http://www.billstromska.fhsk.se/kurser/de-ungas-ratt/,SizeTapTargetsAppropriately,2.386587771203156
http://www.billstromska.fhsk.se/kurser/de-ungas-ratt/,UseLegibleFontSizes,0.0
http://www.billstromska.fhsk.se/studerande/studeranderatt/,SPEED,99
http://www.billstromska.fhsk.se/studerande/studeranderatt/,USABILITY,96
http://www.billstromska.fhsk.se/studerande/studeranderatt/,numberResources,23
http://www.billstromska.fhsk.se/studerande/studeranderatt/,numberHosts,1
http://www.billstromska.fhsk.se/studerande/studeranderatt/,totalRequestBytes,2252
http://www.billstromska.fhsk.se/studerande/studeranderatt/,numberStaticResources,20
http://www.billstromska.fhsk.se/studerande/studeranderatt/,htmlResponseBytes,79901
http://www.billstromska.fhsk.se/studerande/studeranderatt/,cssResponseBytes,123670
http://www.billstromska.fhsk.se/studerande/studeranderatt/,imageResponseBytes,42330
http://www.billstromska.fhsk.se/studerande/studeranderatt/,javascriptResponseBytes,345026
http://www.billstromska.fhsk.se/studerande/studeranderatt/,otherResponseBytes,67820
http://www.billstromska.fhsk.se/studerande/studeranderatt/,numberJsResources,2
http://www.billstromska.fhsk.se/studerande/studeranderatt/,numberCssResources,2
http://www.billstromska.fhsk.se/studerande/studeranderatt/,AvoidLandingPageRedirects,0.0
http://www.billstromska.fhsk.se/studerande/studeranderatt/,AvoidPlugins,0.0
http://www.billstromska.fhsk.se/studerande/studeranderatt/,ConfigureViewport,0.0
http://www.billstromska.fhsk.se/studerande/studeranderatt/,EnableGzipCompression,0.0
http://www.billstromska.fhsk.se/studerande/studeranderatt/,LeverageBrowserCaching,0.0
http://www.billstromska.fhsk.se/studerande/studeranderatt/,MainResourceServerResponseTime,0.0
http://www.billstromska.fhsk.se/studerande/studeranderatt/,MinifyCss,0.0
http://www.billstromska.fhsk.se/studerande/studeranderatt/,MinifyHTML,0.0
http://www.billstromska.fhsk.se/studerande/studeranderatt/,MinifyJavaScript,0.0
http://www.billstromska.fhsk.se/studerande/studeranderatt/,MinimizeRenderBlockingResources,0.0
http://www.billstromska.fhsk.se/studerande/studeranderatt/,OptimizeImages,0.2308
http://www.billstromska.fhsk.se/studerande/studeranderatt/,PrioritizeVisibleContent,0.0
http://www.billstromska.fhsk.se/studerande/studeranderatt/,SizeContentToViewport,0.0
http://www.billstromska.fhsk.se/studerande/studeranderatt/,SizeTapTargetsAppropriately,3.140138408304499
http://www.billstromska.fhsk.se/studerande/studeranderatt/,UseLegibleFontSizes,0.0
http://www.billstromska.fhsk.se/aktuellt/folkhogskolans-dag/,SPEED,91
http://www.billstromska.fhsk.se/aktuellt/folkhogskolans-dag/,USABILITY,96
http://www.billstromska.fhsk.se/aktuellt/folkhogskolans-dag/,numberResources,23
http://www.billstromska.fhsk.se/aktuellt/folkhogskolans-dag/,numberHosts,1
http://www.billstromska.fhsk.se/aktuellt/folkhogskolans-dag/,totalRequestBytes,2322
http://www.billstromska.fhsk.se/aktuellt/folkhogskolans-dag/,numberStaticResources,20
http://www.billstromska.fhsk.se/aktuellt/folkhogskolans-dag/,htmlResponseBytes,77990
http://www.billstromska.fhsk.se/aktuellt/folkhogskolans-dag/,cssResponseBytes,123670
http://www.billstromska.fhsk.se/aktuellt/folkhogskolans-dag/,imageResponseBytes,141344
http://www.billstromska.fhsk.se/aktuellt/folkhogskolans-dag/,javascriptResponseBytes,345026
http://www.billstromska.fhsk.se/aktuellt/folkhogskolans-dag/,otherResponseBytes,67820
http://www.billstromska.fhsk.se/aktuellt/folkhogskolans-dag/,numberJsResources,2
http://www.billstromska.fhsk.se/aktuellt/folkhogskolans-dag/,numberCssResources,2
http://www.billstromska.fhsk.se/aktuellt/folkhogskolans-dag/,AvoidLandingPageRedirects,0.0
http://www.billstromska.fhsk.se/aktuellt/folkhogskolans-dag/,AvoidPlugins,0.0
http://www.billstromska.fhsk.se/aktuellt/folkhogskolans-dag/,ConfigureViewport,0.0
http://www.billstromska.fhsk.se/aktuellt/folkhogskolans-dag/,EnableGzipCompression,0.0
http://www.billstromska.fhsk.se/aktuellt/folkhogskolans-dag/,LeverageBrowserCaching,0.0
http://www.billstromska.fhsk.se/aktuellt/folkhogskolans-dag/,MainResourceServerResponseTime,0.0
http://www.billstromska.fhsk.se/aktuellt/folkhogskolans-dag/,MinifyCss,0.0
http://www.billstromska.fhsk.se/aktuellt/folkhogskolans-dag/,MinifyHTML,0.0
http://www.billstromska.fhsk.se/aktuellt/folkhogskolans-dag/,MinifyJavaScript,0.0
http://www.billstromska.fhsk.se/aktuellt/folkhogskolans-dag/,MinimizeRenderBlockingResources,0.0
http://www.billstromska.fhsk.se/aktuellt/folkhogskolans-dag/,OptimizeImages,0.2308
http://www.billstromska.fhsk.se/aktuellt/folkhogskolans-dag/,PrioritizeVisibleContent,8.0
http://www.billstromska.fhsk.se/aktuellt/folkhogskolans-dag/,SizeContentToViewport,0.0
http://www.billstromska.fhsk.se/aktuellt/folkhogskolans-dag/,SizeTapTargetsAppropriately,3.333333333333333
http://www.billstromska.fhsk.se/aktuellt/folkhogskolans-dag/,UseLegibleFontSizes,0.0
http://www.billstromska.fhsk.se/konferens/,SPEED,91
http://www.billstromska.fhsk.se/konferens/,USABILITY,96
http://www.billstromska.fhsk.se/konferens/,numberResources,25
http://www.billstromska.fhsk.se/konferens/,numberHosts,1
http://www.billstromska.fhsk.se/konferens/,totalRequestBytes,2470
http://www.billstromska.fhsk.se/konferens/,numberStaticResources,22
http://www.billstromska.fhsk.se/konferens/,htmlResponseBytes,76990
http://www.billstromska.fhsk.se/konferens/,cssResponseBytes,123670
http://www.billstromska.fhsk.se/konferens/,imageResponseBytes,122638
http://www.billstromska.fhsk.se/konferens/,javascriptResponseBytes,345026
http://www.billstromska.fhsk.se/konferens/,otherResponseBytes,67820
http://www.billstromska.fhsk.se/konferens/,numberJsResources,2
http://www.billstromska.fhsk.se/konferens/,numberCssResources,2
http://www.billstromska.fhsk.se/konferens/,AvoidLandingPageRedirects,0.0
http://www.billstromska.fhsk.se/konferens/,AvoidPlugins,0.0
http://www.billstromska.fhsk.se/konferens/,ConfigureViewport,0.0
http://www.billstromska.fhsk.se/konferens/,EnableGzipCompression,0.0
http://www.billstromska.fhsk.se/konferens/,LeverageBrowserCaching,0.0
http://www.billstromska.fhsk.se/konferens/,MainResourceServerResponseTime,0.0
http://www.billstromska.fhsk.se/konferens/,MinifyCss,0.0
http://www.billstromska.fhsk.se/konferens/,MinifyHTML,0.0
http://www.billstromska.fhsk.se/konferens/,MinifyJavaScript,0.0
http://www.billstromska.fhsk.se/konferens/,MinimizeRenderBlockingResources,0.0
http://www.billstromska.fhsk.se/konferens/,OptimizeImages,0.2308
http://www.billstromska.fhsk.se/konferens/,PrioritizeVisibleContent,8.0
http://www.billstromska.fhsk.se/konferens/,SizeContentToViewport,0.0
http://www.billstromska.fhsk.se/konferens/,SizeTapTargetsAppropriately,2.963265306122449
http://www.billstromska.fhsk.se/konferens/,UseLegibleFontSizes,0.0
http://www.billstromska.fhsk.se/kurser/musiklinje/lyssna/,SPEED,97
http://www.billstromska.fhsk.se/kurser/musiklinje/lyssna/,USABILITY,93
http://www.billstromska.fhsk.se/kurser/musiklinje/lyssna/,numberResources,54
http://www.billstromska.fhsk.se/kurser/musiklinje/lyssna/,numberHosts,9
http://www.billstromska.fhsk.se/kurser/musiklinje/lyssna/,totalRequestBytes,8902
http://www.billstromska.fhsk.se/kurser/musiklinje/lyssna/,numberStaticResources,42
http://www.billstromska.fhsk.se/kurser/musiklinje/lyssna/,htmlResponseBytes,83944
http://www.billstromska.fhsk.se/kurser/musiklinje/lyssna/,cssResponseBytes,673197
http://www.billstromska.fhsk.se/kurser/musiklinje/lyssna/,imageResponseBytes,125068
http://www.billstromska.fhsk.se/kurser/musiklinje/lyssna/,javascriptResponseBytes,1245449
http://www.billstromska.fhsk.se/kurser/musiklinje/lyssna/,otherResponseBytes,69168
http://www.billstromska.fhsk.se/kurser/musiklinje/lyssna/,numberJsResources,11
http://www.billstromska.fhsk.se/kurser/musiklinje/lyssna/,numberCssResources,3
http://www.billstromska.fhsk.se/kurser/musiklinje/lyssna/,AvoidLandingPageRedirects,0.0
http://www.billstromska.fhsk.se/kurser/musiklinje/lyssna/,AvoidPlugins,0.0
http://www.billstromska.fhsk.se/kurser/musiklinje/lyssna/,ConfigureViewport,0.0
http://www.billstromska.fhsk.se/kurser/musiklinje/lyssna/,EnableGzipCompression,0.0
http://www.billstromska.fhsk.se/kurser/musiklinje/lyssna/,LeverageBrowserCaching,1.3645833333333335
http://www.billstromska.fhsk.se/kurser/musiklinje/lyssna/,MainResourceServerResponseTime,0.0
http://www.billstromska.fhsk.se/kurser/musiklinje/lyssna/,MinifyCss,0.0
http://www.billstromska.fhsk.se/kurser/musiklinje/lyssna/,MinifyHTML,0.0
http://www.billstromska.fhsk.se/kurser/musiklinje/lyssna/,MinifyJavaScript,0.0
http://www.billstromska.fhsk.se/kurser/musiklinje/lyssna/,MinimizeRenderBlockingResources,0.0
http://www.billstromska.fhsk.se/kurser/musiklinje/lyssna/,OptimizeImages,1.0866
http://www.billstromska.fhsk.se/kurser/musiklinje/lyssna/,PrioritizeVisibleContent,0.0
http://www.billstromska.fhsk.se/kurser/musiklinje/lyssna/,SizeContentToViewport,0.0
http://www.billstromska.fhsk.se/kurser/musiklinje/lyssna/,SizeTapTargetsAppropriately,5.556801794584202
http://www.billstromska.fhsk.se/kurser/musiklinje/lyssna/,UseLegibleFontSizes,0.0
http://www.billstromska.fhsk.se/vaxtverkstan/,SPEED,91
http://www.billstromska.fhsk.se/vaxtverkstan/,USABILITY,96
http://www.billstromska.fhsk.se/vaxtverkstan/,numberResources,24
http://www.billstromska.fhsk.se/vaxtverkstan/,numberHosts,1
http://www.billstromska.fhsk.se/vaxtverkstan/,totalRequestBytes,2389
http://www.billstromska.fhsk.se/vaxtverkstan/,numberStaticResources,21
http://www.billstromska.fhsk.se/vaxtverkstan/,htmlResponseBytes,83190
http://www.billstromska.fhsk.se/vaxtverkstan/,cssResponseBytes,123670
http://www.billstromska.fhsk.se/vaxtverkstan/,imageResponseBytes,149137
http://www.billstromska.fhsk.se/vaxtverkstan/,javascriptResponseBytes,345026
http://www.billstromska.fhsk.se/vaxtverkstan/,otherResponseBytes,67820
http://www.billstromska.fhsk.se/vaxtverkstan/,numberJsResources,2
http://www.billstromska.fhsk.se/vaxtverkstan/,numberCssResources,2
http://www.billstromska.fhsk.se/vaxtverkstan/,AvoidLandingPageRedirects,0.0
http://www.billstromska.fhsk.se/vaxtverkstan/,AvoidPlugins,0.0
http://www.billstromska.fhsk.se/vaxtverkstan/,ConfigureViewport,0.0
http://www.billstromska.fhsk.se/vaxtverkstan/,EnableGzipCompression,0.0
http://www.billstromska.fhsk.se/vaxtverkstan/,LeverageBrowserCaching,0.0
http://www.billstromska.fhsk.se/vaxtverkstan/,MainResourceServerResponseTime,0.0
http://www.billstromska.fhsk.se/vaxtverkstan/,MinifyCss,0.0
http://www.billstromska.fhsk.se/vaxtverkstan/,MinifyHTML,0.0
http://www.billstromska.fhsk.se/vaxtverkstan/,MinifyJavaScript,0.0
http://www.billstromska.fhsk.se/vaxtverkstan/,MinimizeRenderBlockingResources,0.0
http://www.billstromska.fhsk.se/vaxtverkstan/,OptimizeImages,0.2308
http://www.billstromska.fhsk.se/vaxtverkstan/,PrioritizeVisibleContent,8.0
http://www.billstromska.fhsk.se/vaxtverkstan/,SizeContentToViewport,0.0
http://www.billstromska.fhsk.se/vaxtverkstan/,SizeTapTargetsAppropriately,3.333333333333333
http://www.billstromska.fhsk.se/vaxtverkstan/,UseLegibleFontSizes,0.0
http://www.billstromska.fhsk.se/kurser/allman-kurs/,SPEED,89
http://www.billstromska.fhsk.se/kurser/allman-kurs/,USABILITY,95
http://www.billstromska.fhsk.se/kurser/allman-kurs/,numberResources,26
http://www.billstromska.fhsk.se/kurser/allman-kurs/,numberHosts,1
http://www.billstromska.fhsk.se/kurser/allman-kurs/,totalRequestBytes,2568
http://www.billstromska.fhsk.se/kurser/allman-kurs/,numberStaticResources,23
http://www.billstromska.fhsk.se/kurser/allman-kurs/,htmlResponseBytes,84807
http://www.billstromska.fhsk.se/kurser/allman-kurs/,cssResponseBytes,123670
http://www.billstromska.fhsk.se/kurser/allman-kurs/,imageResponseBytes,146026
http://www.billstromska.fhsk.se/kurser/allman-kurs/,javascriptResponseBytes,345026
http://www.billstromska.fhsk.se/kurser/allman-kurs/,otherResponseBytes,67820
http://www.billstromska.fhsk.se/kurser/allman-kurs/,numberJsResources,2
http://www.billstromska.fhsk.se/kurser/allman-kurs/,numberCssResources,2
http://www.billstromska.fhsk.se/kurser/allman-kurs/,AvoidLandingPageRedirects,0.0
http://www.billstromska.fhsk.se/kurser/allman-kurs/,AvoidPlugins,0.0
http://www.billstromska.fhsk.se/kurser/allman-kurs/,ConfigureViewport,0.0
http://www.billstromska.fhsk.se/kurser/allman-kurs/,EnableGzipCompression,0.0
http://www.billstromska.fhsk.se/kurser/allman-kurs/,LeverageBrowserCaching,0.0
http://www.billstromska.fhsk.se/kurser/allman-kurs/,MainResourceServerResponseTime,2.07
http://www.billstromska.fhsk.se/kurser/allman-kurs/,MinifyCss,0.0
http://www.billstromska.fhsk.se/kurser/allman-kurs/,MinifyHTML,0.0
http://www.billstromska.fhsk.se/kurser/allman-kurs/,MinifyJavaScript,0.0
http://www.billstromska.fhsk.se/kurser/allman-kurs/,MinimizeRenderBlockingResources,0.0
http://www.billstromska.fhsk.se/kurser/allman-kurs/,OptimizeImages,0.2308
http://www.billstromska.fhsk.se/kurser/allman-kurs/,PrioritizeVisibleContent,8.0
http://www.billstromska.fhsk.se/kurser/allman-kurs/,SizeContentToViewport,0.0
http://www.billstromska.fhsk.se/kurser/allman-kurs/,SizeTapTargetsAppropriately,3.966942148760331
http://www.billstromska.fhsk.se/kurser/allman-kurs/,UseLegibleFontSizes,0.0
http://www.billstromska.fhsk.se/studerande/lasarstider/,SPEED,99
http://www.billstromska.fhsk.se/studerande/lasarstider/,USABILITY,96
http://www.billstromska.fhsk.se/studerande/lasarstider/,numberResources,23
http://www.billstromska.fhsk.se/studerande/lasarstider/,numberHosts,1
http://www.billstromska.fhsk.se/studerande/lasarstider/,totalRequestBytes,2249
http://www.billstromska.fhsk.se/studerande/lasarstider/,numberStaticResources,20
http://www.billstromska.fhsk.se/studerande/lasarstider/,htmlResponseBytes,78550
http://www.billstromska.fhsk.se/studerande/lasarstider/,cssResponseBytes,123670
http://www.billstromska.fhsk.se/studerande/lasarstider/,imageResponseBytes,42330
http://www.billstromska.fhsk.se/studerande/lasarstider/,javascriptResponseBytes,345026
http://www.billstromska.fhsk.se/studerande/lasarstider/,otherResponseBytes,67820
http://www.billstromska.fhsk.se/studerande/lasarstider/,numberJsResources,2
http://www.billstromska.fhsk.se/studerande/lasarstider/,numberCssResources,2
http://www.billstromska.fhsk.se/studerande/lasarstider/,AvoidLandingPageRedirects,0.0
http://www.billstromska.fhsk.se/studerande/lasarstider/,AvoidPlugins,0.0
http://www.billstromska.fhsk.se/studerande/lasarstider/,ConfigureViewport,0.0
http://www.billstromska.fhsk.se/studerande/lasarstider/,EnableGzipCompression,0.0
http://www.billstromska.fhsk.se/studerande/lasarstider/,LeverageBrowserCaching,0.0
http://www.billstromska.fhsk.se/studerande/lasarstider/,MainResourceServerResponseTime,0.0
http://www.billstromska.fhsk.se/studerande/lasarstider/,MinifyCss,0.0
http://www.billstromska.fhsk.se/studerande/lasarstider/,MinifyHTML,0.0
http://www.billstromska.fhsk.se/studerande/lasarstider/,MinifyJavaScript,0.0
http://www.billstromska.fhsk.se/studerande/lasarstider/,MinimizeRenderBlockingResources,0.0
http://www.billstromska.fhsk.se/studerande/lasarstider/,OptimizeImages,0.2308
http://www.billstromska.fhsk.se/studerande/lasarstider/,PrioritizeVisibleContent,0.0
http://www.billstromska.fhsk.se/studerande/lasarstider/,SizeContentToViewport,0.0
http://www.billstromska.fhsk.se/studerande/lasarstider/,SizeTapTargetsAppropriately,3.140138408304499
http://www.billstromska.fhsk.se/studerande/lasarstider/,UseLegibleFontSizes,0.0
http://www.billstromska.fhsk.se/ansokan/,SPEED,99
http://www.billstromska.fhsk.se/ansokan/,USABILITY,96
http://www.billstromska.fhsk.se/ansokan/,numberResources,23
http://www.billstromska.fhsk.se/ansokan/,numberHosts,1
http://www.billstromska.fhsk.se/ansokan/,totalRequestBytes,2234
http://www.billstromska.fhsk.se/ansokan/,numberStaticResources,20
http://www.billstromska.fhsk.se/ansokan/,htmlResponseBytes,77903
http://www.billstromska.fhsk.se/ansokan/,cssResponseBytes,123670
http://www.billstromska.fhsk.se/ansokan/,imageResponseBytes,42330
http://www.billstromska.fhsk.se/ansokan/,javascriptResponseBytes,345026
http://www.billstromska.fhsk.se/ansokan/,otherResponseBytes,67820
http://www.billstromska.fhsk.se/ansokan/,numberJsResources,2
http://www.billstromska.fhsk.se/ansokan/,numberCssResources,2
http://www.billstromska.fhsk.se/ansokan/,AvoidLandingPageRedirects,0.0
http://www.billstromska.fhsk.se/ansokan/,AvoidPlugins,0.0
http://www.billstromska.fhsk.se/ansokan/,ConfigureViewport,0.0
http://www.billstromska.fhsk.se/ansokan/,EnableGzipCompression,0.0
http://www.billstromska.fhsk.se/ansokan/,LeverageBrowserCaching,0.0
http://www.billstromska.fhsk.se/ansokan/,MainResourceServerResponseTime,0.0
http://www.billstromska.fhsk.se/ansokan/,MinifyCss,0.0
http://www.billstromska.fhsk.se/ansokan/,MinifyHTML,0.0
http://www.billstromska.fhsk.se/ansokan/,MinifyJavaScript,0.0
http://www.billstromska.fhsk.se/ansokan/,MinimizeRenderBlockingResources,0.0
http://www.billstromska.fhsk.se/ansokan/,OptimizeImages,0.2308
http://www.billstromska.fhsk.se/ansokan/,PrioritizeVisibleContent,0.0
http://www.billstromska.fhsk.se/ansokan/,SizeContentToViewport,0.0
http://www.billstromska.fhsk.se/ansokan/,SizeTapTargetsAppropriately,2.6515704894083276
http://www.billstromska.fhsk.se/ansokan/,UseLegibleFontSizes,0.0
http://www.billstromska.fhsk.se/kurser/musiklinje/kursinnehall/,SPEED,91
http://www.billstromska.fhsk.se/kurser/musiklinje/kursinnehall/,USABILITY,96
http://www.billstromska.fhsk.se/kurser/musiklinje/kursinnehall/,numberResources,24
http://www.billstromska.fhsk.se/kurser/musiklinje/kursinnehall/,numberHosts,1
http://www.billstromska.fhsk.se/kurser/musiklinje/kursinnehall/,totalRequestBytes,2407
http://www.billstromska.fhsk.se/kurser/musiklinje/kursinnehall/,numberStaticResources,21
http://www.billstromska.fhsk.se/kurser/musiklinje/kursinnehall/,htmlResponseBytes,84873
http://www.billstromska.fhsk.se/kurser/musiklinje/kursinnehall/,cssResponseBytes,123670
http://www.billstromska.fhsk.se/kurser/musiklinje/kursinnehall/,imageResponseBytes,95636
http://www.billstromska.fhsk.se/kurser/musiklinje/kursinnehall/,javascriptResponseBytes,345026
http://www.billstromska.fhsk.se/kurser/musiklinje/kursinnehall/,otherResponseBytes,67820
http://www.billstromska.fhsk.se/kurser/musiklinje/kursinnehall/,numberJsResources,2
http://www.billstromska.fhsk.se/kurser/musiklinje/kursinnehall/,numberCssResources,2
http://www.billstromska.fhsk.se/kurser/musiklinje/kursinnehall/,AvoidLandingPageRedirects,0.0
http://www.billstromska.fhsk.se/kurser/musiklinje/kursinnehall/,AvoidPlugins,0.0
http://www.billstromska.fhsk.se/kurser/musiklinje/kursinnehall/,ConfigureViewport,0.0
http://www.billstromska.fhsk.se/kurser/musiklinje/kursinnehall/,EnableGzipCompression,0.0
http://www.billstromska.fhsk.se/kurser/musiklinje/kursinnehall/,LeverageBrowserCaching,0.0
http://www.billstromska.fhsk.se/kurser/musiklinje/kursinnehall/,MainResourceServerResponseTime,0.0
http://www.billstromska.fhsk.se/kurser/musiklinje/kursinnehall/,MinifyCss,0.0
http://www.billstromska.fhsk.se/kurser/musiklinje/kursinnehall/,MinifyHTML,0.0
http://www.billstromska.fhsk.se/kurser/musiklinje/kursinnehall/,MinifyJavaScript,0.0
http://www.billstromska.fhsk.se/kurser/musiklinje/kursinnehall/,MinimizeRenderBlockingResources,0.0
http://www.billstromska.fhsk.se/kurser/musiklinje/kursinnehall/,OptimizeImages,0.2308
http://www.billstromska.fhsk.se/kurser/musiklinje/kursinnehall/,PrioritizeVisibleContent,8.0
http://www.billstromska.fhsk.se/kurser/musiklinje/kursinnehall/,SizeContentToViewport,0.0
http://www.billstromska.fhsk.se/kurser/musiklinje/kursinnehall/,SizeTapTargetsAppropriately,2.8009259259259265
http://www.billstromska.fhsk.se/kurser/musiklinje/kursinnehall/,UseLegibleFontSizes,0.0
http://www.billstromska.fhsk.se/kurser/sommarkurs/sticka-och-virka-med-mera/,SPEED,91
http://www.billstromska.fhsk.se/kurser/sommarkurs/sticka-och-virka-med-mera/,USABILITY,97
http://www.billstromska.fhsk.se/kurser/sommarkurs/sticka-och-virka-med-mera/,numberResources,26
http://www.billstromska.fhsk.se/kurser/sommarkurs/sticka-och-virka-med-mera/,numberHosts,1
http://www.billstromska.fhsk.se/kurser/sommarkurs/sticka-och-virka-med-mera/,totalRequestBytes,2593
http://www.billstromska.fhsk.se/kurser/sommarkurs/sticka-och-virka-med-mera/,numberStaticResources,23
http://www.billstromska.fhsk.se/kurser/sommarkurs/sticka-och-virka-med-mera/,htmlResponseBytes,88378
http://www.billstromska.fhsk.se/kurser/sommarkurs/sticka-och-virka-med-mera/,cssResponseBytes,123670
http://www.billstromska.fhsk.se/kurser/sommarkurs/sticka-och-virka-med-mera/,imageResponseBytes,124899
http://www.billstromska.fhsk.se/kurser/sommarkurs/sticka-och-virka-med-mera/,javascriptResponseBytes,345026
http://www.billstromska.fhsk.se/kurser/sommarkurs/sticka-och-virka-med-mera/,otherResponseBytes,67820
http://www.billstromska.fhsk.se/kurser/sommarkurs/sticka-och-virka-med-mera/,numberJsResources,2
http://www.billstromska.fhsk.se/kurser/sommarkurs/sticka-och-virka-med-mera/,numberCssResources,2
http://www.billstromska.fhsk.se/kurser/sommarkurs/sticka-och-virka-med-mera/,AvoidLandingPageRedirects,0.0
http://www.billstromska.fhsk.se/kurser/sommarkurs/sticka-och-virka-med-mera/,AvoidPlugins,0.0
http://www.billstromska.fhsk.se/kurser/sommarkurs/sticka-och-virka-med-mera/,ConfigureViewport,0.0
http://www.billstromska.fhsk.se/kurser/sommarkurs/sticka-och-virka-med-mera/,EnableGzipCompression,0.0
http://www.billstromska.fhsk.se/kurser/sommarkurs/sticka-och-virka-med-mera/,LeverageBrowserCaching,0.0
http://www.billstromska.fhsk.se/kurser/sommarkurs/sticka-och-virka-med-mera/,MainResourceServerResponseTime,0.0
http://www.billstromska.fhsk.se/kurser/sommarkurs/sticka-och-virka-med-mera/,MinifyCss,0.0
http://www.billstromska.fhsk.se/kurser/sommarkurs/sticka-och-virka-med-mera/,MinifyHTML,0.0
http://www.billstromska.fhsk.se/kurser/sommarkurs/sticka-och-virka-med-mera/,MinifyJavaScript,0.0
http://www.billstromska.fhsk.se/kurser/sommarkurs/sticka-och-virka-med-mera/,MinimizeRenderBlockingResources,0.0
http://www.billstromska.fhsk.se/kurser/sommarkurs/sticka-och-virka-med-mera/,OptimizeImages,0.2308
http://www.billstromska.fhsk.se/kurser/sommarkurs/sticka-och-virka-med-mera/,PrioritizeVisibleContent,8.0
http://www.billstromska.fhsk.se/kurser/sommarkurs/sticka-och-virka-med-mera/,SizeContentToViewport,0.0
http://www.billstromska.fhsk.se/kurser/sommarkurs/sticka-och-virka-med-mera/,SizeTapTargetsAppropriately,2.5138504155124655
http://www.billstromska.fhsk.se/kurser/sommarkurs/sticka-och-virka-med-mera/,UseLegibleFontSizes,0.0
http://www.billstromska.fhsk.se/kurser/allman-kurs-med-musik/,SPEED,91
http://www.billstromska.fhsk.se/kurser/allman-kurs-med-musik/,USABILITY,97
http://www.billstromska.fhsk.se/kurser/allman-kurs-med-musik/,numberResources,26
http://www.billstromska.fhsk.se/kurser/allman-kurs-med-musik/,numberHosts,1
http://www.billstromska.fhsk.se/kurser/allman-kurs-med-musik/,totalRequestBytes,2578
http://www.billstromska.fhsk.se/kurser/allman-kurs-med-musik/,numberStaticResources,23
http://www.billstromska.fhsk.se/kurser/allman-kurs-med-musik/,htmlResponseBytes,86023
http://www.billstromska.fhsk.se/kurser/allman-kurs-med-musik/,cssResponseBytes,123670
http://www.billstromska.fhsk.se/kurser/allman-kurs-med-musik/,imageResponseBytes,96541
http://www.billstromska.fhsk.se/kurser/allman-kurs-med-musik/,javascriptResponseBytes,345026
http://www.billstromska.fhsk.se/kurser/allman-kurs-med-musik/,otherResponseBytes,67820
http://www.billstromska.fhsk.se/kurser/allman-kurs-med-musik/,numberJsResources,2
http://www.billstromska.fhsk.se/kurser/allman-kurs-med-musik/,numberCssResources,2
http://www.billstromska.fhsk.se/kurser/allman-kurs-med-musik/,AvoidLandingPageRedirects,0.0
http://www.billstromska.fhsk.se/kurser/allman-kurs-med-musik/,AvoidPlugins,0.0
http://www.billstromska.fhsk.se/kurser/allman-kurs-med-musik/,ConfigureViewport,0.0
http://www.billstromska.fhsk.se/kurser/allman-kurs-med-musik/,EnableGzipCompression,0.0
http://www.billstromska.fhsk.se/kurser/allman-kurs-med-musik/,LeverageBrowserCaching,0.0
http://www.billstromska.fhsk.se/kurser/allman-kurs-med-musik/,MainResourceServerResponseTime,0.0
http://www.billstromska.fhsk.se/kurser/allman-kurs-med-musik/,MinifyCss,0.0
http://www.billstromska.fhsk.se/kurser/allman-kurs-med-musik/,MinifyHTML,0.0
http://www.billstromska.fhsk.se/kurser/allman-kurs-med-musik/,MinifyJavaScript,0.0
http://www.billstromska.fhsk.se/kurser/allman-kurs-med-musik/,MinimizeRenderBlockingResources,0.0
http://www.billstromska.fhsk.se/kurser/allman-kurs-med-musik/,OptimizeImages,0.2308
http://www.billstromska.fhsk.se/kurser/allman-kurs-med-musik/,PrioritizeVisibleContent,8.0
http://www.billstromska.fhsk.se/kurser/allman-kurs-med-musik/,SizeContentToViewport,0.0
http://www.billstromska.fhsk.se/kurser/allman-kurs-med-musik/,SizeTapTargetsAppropriately,2.386587771203156
http://www.billstromska.fhsk.se/kurser/allman-kurs-med-musik/,UseLegibleFontSizes,0.0
http://www.billstromska.fhsk.se/kurser/sommarkurs/ma-bra-till-hast/,SPEED,91
http://www.billstromska.fhsk.se/kurser/sommarkurs/ma-bra-till-hast/,USABILITY,96
http://www.billstromska.fhsk.se/kurser/sommarkurs/ma-bra-till-hast/,numberResources,24
http://www.billstromska.fhsk.se/kurser/sommarkurs/ma-bra-till-hast/,numberHosts,1
http://www.billstromska.fhsk.se/kurser/sommarkurs/ma-bra-till-hast/,totalRequestBytes,2411
http://www.billstromska.fhsk.se/kurser/sommarkurs/ma-bra-till-hast/,numberStaticResources,21
http://www.billstromska.fhsk.se/kurser/sommarkurs/ma-bra-till-hast/,htmlResponseBytes,86405
http://www.billstromska.fhsk.se/kurser/sommarkurs/ma-bra-till-hast/,cssResponseBytes,123670
http://www.billstromska.fhsk.se/kurser/sommarkurs/ma-bra-till-hast/,imageResponseBytes,163329
http://www.billstromska.fhsk.se/kurser/sommarkurs/ma-bra-till-hast/,javascriptResponseBytes,345026
http://www.billstromska.fhsk.se/kurser/sommarkurs/ma-bra-till-hast/,otherResponseBytes,67820
http://www.billstromska.fhsk.se/kurser/sommarkurs/ma-bra-till-hast/,numberJsResources,2
http://www.billstromska.fhsk.se/kurser/sommarkurs/ma-bra-till-hast/,numberCssResources,2
http://www.billstromska.fhsk.se/kurser/sommarkurs/ma-bra-till-hast/,AvoidLandingPageRedirects,0.0
http://www.billstromska.fhsk.se/kurser/sommarkurs/ma-bra-till-hast/,AvoidPlugins,0.0
http://www.billstromska.fhsk.se/kurser/sommarkurs/ma-bra-till-hast/,ConfigureViewport,0.0
http://www.billstromska.fhsk.se/kurser/sommarkurs/ma-bra-till-hast/,EnableGzipCompression,0.0
http://www.billstromska.fhsk.se/kurser/sommarkurs/ma-bra-till-hast/,LeverageBrowserCaching,0.0
http://www.billstromska.fhsk.se/kurser/sommarkurs/ma-bra-till-hast/,MainResourceServerResponseTime,0.0
http://www.billstromska.fhsk.se/kurser/sommarkurs/ma-bra-till-hast/,MinifyCss,0.0
http://www.billstromska.fhsk.se/kurser/sommarkurs/ma-bra-till-hast/,MinifyHTML,0.0
http://www.billstromska.fhsk.se/kurser/sommarkurs/ma-bra-till-hast/,MinifyJavaScript,0.0
http://www.billstromska.fhsk.se/kurser/sommarkurs/ma-bra-till-hast/,MinimizeRenderBlockingResources,0.0
http://www.billstromska.fhsk.se/kurser/sommarkurs/ma-bra-till-hast/,OptimizeImages,0.2308
http://www.billstromska.fhsk.se/kurser/sommarkurs/ma-bra-till-hast/,PrioritizeVisibleContent,8.0
http://www.billstromska.fhsk.se/kurser/sommarkurs/ma-bra-till-hast/,SizeContentToViewport,0.0
http://www.billstromska.fhsk.se/kurser/sommarkurs/ma-bra-till-hast/,SizeTapTargetsAppropriately,2.6515704894083276
http://www.billstromska.fhsk.se/kurser/sommarkurs/ma-bra-till-hast/,UseLegibleFontSizes,0.0
http://www.billstromska.fhsk.se/kurser/musiklinje/,SPEED,99
http://www.billstromska.fhsk.se/kurser/musiklinje/,USABILITY,97
http://www.billstromska.fhsk.se/kurser/musiklinje/,numberResources,23
http://www.billstromska.fhsk.se/kurser/musiklinje/,numberHosts,1
http://www.billstromska.fhsk.se/kurser/musiklinje/,totalRequestBytes,2244
http://www.billstromska.fhsk.se/kurser/musiklinje/,numberStaticResources,20
http://www.billstromska.fhsk.se/kurser/musiklinje/,htmlResponseBytes,78992
http://www.billstromska.fhsk.se/kurser/musiklinje/,cssResponseBytes,123670
http://www.billstromska.fhsk.se/kurser/musiklinje/,imageResponseBytes,42330
http://www.billstromska.fhsk.se/kurser/musiklinje/,javascriptResponseBytes,345026
http://www.billstromska.fhsk.se/kurser/musiklinje/,otherResponseBytes,67820
http://www.billstromska.fhsk.se/kurser/musiklinje/,numberJsResources,2
http://www.billstromska.fhsk.se/kurser/musiklinje/,numberCssResources,2
http://www.billstromska.fhsk.se/kurser/musiklinje/,AvoidLandingPageRedirects,0.0
http://www.billstromska.fhsk.se/kurser/musiklinje/,AvoidPlugins,0.0
http://www.billstromska.fhsk.se/kurser/musiklinje/,ConfigureViewport,0.0
http://www.billstromska.fhsk.se/kurser/musiklinje/,EnableGzipCompression,0.0
http://www.billstromska.fhsk.se/kurser/musiklinje/,LeverageBrowserCaching,0.0
http://www.billstromska.fhsk.se/kurser/musiklinje/,MainResourceServerResponseTime,0.0
http://www.billstromska.fhsk.se/kurser/musiklinje/,MinifyCss,0.0
http://www.billstromska.fhsk.se/kurser/musiklinje/,MinifyHTML,0.0
http://www.billstromska.fhsk.se/kurser/musiklinje/,MinifyJavaScript,0.0
http://www.billstromska.fhsk.se/kurser/musiklinje/,MinimizeRenderBlockingResources,0.0
http://www.billstromska.fhsk.se/kurser/musiklinje/,OptimizeImages,0.2308
http://www.billstromska.fhsk.se/kurser/musiklinje/,PrioritizeVisibleContent,0.0
http://www.billstromska.fhsk.se/kurser/musiklinje/,SizeContentToViewport,0.0
http://www.billstromska.fhsk.se/kurser/musiklinje/,SizeTapTargetsAppropriately,2.5138504155124655
http://www.billstromska.fhsk.se/kurser/musiklinje/,UseLegibleFontSizes,0.0
